time,latitude,longitude,depth,mag,magType,nst,gap,dmin,rms,net,id,updated,place,type,horizontalError,depthError,magError,magNst,status,locationSource,magSource
2023-02-17T09:11:40.742Z,45.086,23.0675,10,4.5,mb,25,129,1.139,0.65,us,us6000jpju,2023-02-17T09:30:39.040Z,"3 km SSW of Valea Mare, Romania",earthquake,2.53,1.903,0.156,12,reviewed,us,us
2023-02-17T01:46:31.312Z,26.4738,128.7992,13.336,5.2,mww,85,50,0.594,0.97,us,us6000jpi5,2023-02-17T03:29:11.150Z,"82 km E of Nago, Japan",earthquake,6.69,3.944,0.071,19,reviewed,us,us
2023-02-17T01:29:24.699Z,26.0429,123.5068,271.161,4.3,mb,41,82,1.632,0.65,us,us6000jpi3,2023-02-17T02:55:04.040Z,"northeast of Taiwan",earthquake,8.78,7.666,0.098,29,reviewed,us,us
2023-02-17T01:22:50.098Z,23.9297,121.5086,16.822,4.7,mb,28,96,0.255,0.66,us,us6000jpi1,2023-02-17T08:49:24.344Z,"11 km WSW of Hualien City, Taiwan",earthquake,2.54,1.251,0.099,31,reviewed,us,us
2023-02-17T00:35:57.301Z,39.1579,40.1603,2.075,4.4,mb,59,46,0.898,1.14,us,us6000jphu,2023-02-17T00:49:28.040Z,"10 km SE of Yayladere, Turkey",earthquake,1.99,5.371,0.075,52,reviewed,us,us
2023-02-16T19:47:49.578Z,36.2011,35.8284,10,5.2,mww,118,59,1.474,1.22,us,us6000jpff,2023-02-17T07:05:35.084Z,"19 km WNW of Uzunba?, Turkey",earthquake,5.25,1.824,0.052,35,reviewed,us,us
2023-02-16T18:17:20.673Z,37.3072,70.5356,57.108,4.7,mb,119,28,2.384,0.62,us,us6000jpex,2023-02-16T19:45:15.442Z,"21 km N of Fayzabad, Afghanistan",earthquake,6.39,6.932,0.056,103,reviewed,us,us
2023-02-16T16:38:32.216Z,37.9225,37.5073,10,4.1,mb,34,83,0.637,0.48,us,us6000jpee,2023-02-16T18:19:48.040Z,"7 km SE of Nurhak, Turkey",earthquake,1.7,1.928,0.302,3,reviewed,us,us
2023-02-16T14:45:42.064Z,38.2035,37.8096,10,4.5,mb,31,71,0.979,1.15,us,us6000jpdx,2023-02-16T15:00:52.040Z,"14 km NNW of Do?an?ehir, Turkey",earthquake,2.9,1.91,0.108,25,reviewed,us,us
2023-02-16T11:16:23.422Z,35.9277,35.768,10,4.8,mww,187,46,1.7,0.79,us,us6000jpd5,2023-02-16T23:32:50.254Z,"26 km W of Yaylada??, Turkey",earthquake,3.58,1.771,0.098,10,reviewed,us,us
2023-02-16T09:47:45.901Z,44.9868,14.706,10,4.8,mb,109,14,0.981,0.57,us,us6000jpbt,2023-02-17T07:16:41.548Z,"4 km WNW of Baška, Croatia",earthquake,2.9,1.825,0.047,139,reviewed,us,us
2023-02-16T05:18:57.585Z,38.0947,38.5702,16.14,4.3,mb,53,66,0.682,0.99,us,us6000jpaw,2023-02-16T06:07:15.040Z,"7 km NNW of Sincik, Turkey",earthquake,3.69,5.566,0.101,28,reviewed,us,us
2023-02-16T03:56:28.849Z,25.0868,91.743,61.857,4.3,mb,25,166,5.262,0.63,us,us6000jpaj,2023-02-17T05:48:45.091Z,"9 km NE of Chh?tak, Bangladesh",earthquake,10.49,10.546,0.142,15,reviewed,us,us
2023-02-16T02:35:41.476Z,51.8265,105.3127,10,4.6,mb,21,90,1.048,0.55,us,us6000jpa8,2023-02-16T17:37:56.032Z,"30 km E of Listvyanka, Russia",earthquake,6.29,1.921,0.172,10,reviewed,us,us
2023-02-16T01:07:04.795Z,45.0736,23.0978,10,4.4,mb,30,84,1.164,1.03,us,us6000jp9t,2023-02-17T09:11:38.793Z,"2 km WSW of Arcani, Romania",earthquake,4.62,1.938,0.203,7,reviewed,us,us
2023-02-15T23:43:38.943Z,37.3475,36.8589,13.193,4,mb,22,109,0.33,0.96,us,us6000jp9e,2023-02-16T00:14:04.040Z,"22 km NNE of Nurda??, Turkey",earthquake,3.4,1.75,0.195,7,reviewed,us,us
2023-02-15T22:25:58.228Z,38.0555,36.6113,5.561,4.1,mb,24,52,0.383,0.68,us,us6000jp8t,2023-02-15T22:43:04.040Z,"10 km ENE of Göksun, Turkey",earthquake,2.98,11.207,0.114,22,reviewed,us,us
2023-02-15T08:07:01.205Z,54.7502,161.3814,35,4.3,mb,58,124,2.368,1.04,us,us6000jp2c,2023-02-15T10:37:08.040Z,"",earthquake,8.58,1.937,0.079,45,reviewed,us,us
2023-02-15T07:36:30.670Z,38.0139,36.48,10,4.6,mb,70,56,0.973,0.78,us,us6000jp25,2023-02-15T19:06:02.430Z,"1 km WSW of Göksun, Turkey",earthquake,5.87,1.884,0.094,34,reviewed,us,us
2023-02-15T06:25:30.425Z,38.0958,36.7171,8.443,4.2,mb,49,53,0.39,0.76,us,us6000jp1e,2023-02-15T07:13:18.040Z,"21 km ENE of Göksun, Turkey",earthquake,5.43,6.469,0.113,22,reviewed,us,us
2023-02-15T03:09:21.674Z,56.3643,162.9985,37.807,4.9,mb,62,109,4.192,0.46,us,us6000jp0v,2023-02-15T20:18:32.040Z,"35 km ENE of Ust’-Kamchatsk Staryy, Russia",earthquake,8.95,4.41,0.04,195,reviewed,us,us
2023-02-15T01:32:07.682Z,44.4388,148.9987,35,4.3,mb,41,168,4.611,0.58,us,us6000jp0k,2023-02-15T18:19:59.040Z,"124 km SE of Kuril’sk, Russia",earthquake,13.3,1.957,0.097,30,reviewed,us,us
2023-02-15T00:06:02.103Z,36.6629,36.5602,10,4.1,mb,40,118,2.257,1.04,us,us6000jp0a,2023-02-15T04:28:50.338Z,"12 km S of A?a?? Karafak?l?, Turkey",earthquake,5.78,1.962,0.112,22,reviewed,us,us
2023-02-14T23:14:01.639Z,38.5556,37.4549,2.628,4.2,mb,49,65,0.872,0.89,us,us6000jnzr,2023-02-15T01:45:36.040Z,"4 km WNW of Darende, Turkey",earthquake,4.71,4.089,0.108,24,reviewed,us,us
2023-02-14T15:50:40.851Z,38.0868,37.1649,19.431,4.4,mb,41,102,1.286,0.52,us,us6000jnxk,2023-02-14T16:43:22.040Z,"3 km NW of Ekinözü, Turkey",earthquake,5.02,5.467,0.134,16,reviewed,us,us
2023-02-14T15:37:30.005Z,36.7207,71.0221,215.506,4.2,mb,44,94,2.509,0.68,us,us6000jnxh,2023-02-14T16:21:37.040Z,"23 km SE of Jurm, Afghanistan",earthquake,8.34,7.507,0.104,26,reviewed,us,us
2023-02-14T13:44:03.163Z,35.3775,35.3986,10,4.4,mb,38,171,1.744,0.87,us,us6000jnr1,2023-02-14T15:25:21.040Z,"39 km WSW of Latakia, Syria",earthquake,7.65,1.918,0.138,15,reviewed,us,us
2023-02-14T13:16:51.072Z,45.1126,23.1781,10,5.6,mww,132,28,1.197,0.4,us,us6000jnqz,2023-02-17T09:15:18.586Z,"2 km NW of Lele?ti, Romania",earthquake,4.85,1.794,0.032,95,reviewed,us,us
2023-02-14T11:54:11.666Z,35.9037,36.1184,10,4.4,mb,66,114,2.463,0.62,us,us6000jnqt,2023-02-14T15:01:02.040Z,"5 km E of Yaylada??, Turkey",earthquake,4.65,1.782,0.095,32,reviewed,us,us
2023-02-14T03:08:57.881Z,37.9873,144.4419,10,4.5,mb,44,193,3.831,0.36,us,us6000jnpn,2023-02-15T00:53:29.040Z,"265 km ESE of Kamaishi, Japan",earthquake,10.88,1.946,0.102,28,reviewed,us,us
2023-02-13T19:20:27.585Z,38.0201,36.4179,4.929,4.8,mb,81,55,0.944,0.74,us,us6000jnmc,2023-02-15T01:50:03.040Z,"6 km W of Göksun, Turkey",earthquake,5.35,4.487,0.058,92,reviewed,us,us
2023-02-13T18:38:49.462Z,38.9684,92.6628,10,5.1,mb,76,46,10.847,0.85,us,us6000jnm7,2023-02-13T19:40:08.040Z,"northern Qinghai, China",earthquake,8.88,1.821,0.051,124,reviewed,us,us
2023-02-13T18:18:55.203Z,42.4347,145.1482,37.56,4.8,mb,59,134,1.537,1.02,us,us6000jnm3,2023-02-13T19:29:21.040Z,"Hokkaido, Japan region",earthquake,9,7.129,0.054,108,reviewed,us,us
2023-02-13T15:15:05.789Z,37.9396,36.3113,10,4.1,mb,24,98,0.981,0.62,us,us6000jnlc,2023-02-13T18:04:26.040Z,"18 km WSW of Göksun, Turkey",earthquake,5.2,1.938,0.214,6,reviewed,us,us
2023-02-13T14:58:05.854Z,45.1281,23.1746,10,5,mww,114,25,1.188,0.73,us,us6000jnl6,2023-02-17T08:57:08.791Z,"Romania",earthquake,4.97,1.802,0.057,30,reviewed,us,us
2023-02-13T14:28:17.062Z,38.1252,38.5928,4.748,4.3,mb,51,108,0.987,0.75,us,us6000jnl4,2023-02-13T17:24:59.040Z,"eastern Turkey",earthquake,4.73,3.18,0.116,21,reviewed,us,us
2023-02-13T11:59:17.228Z,36.8373,36.63,11.708,4.4,mwr,64,88,2.105,0.82,us,us6000jnks,2023-02-13T12:21:35.040Z,"9 km NE of A?a?? Karafak?l?, Turkey",earthquake,5.44,3.877,0.062,25,reviewed,us,us
2023-02-13T05:57:02.239Z,46.611,151.5935,98.535,5.2,mww,119,26,6.077,0.56,us,us6000jnjc,2023-02-13T06:25:26.040Z,"",earthquake,8.58,4.176,0.08,15,reviewed,us,us
2023-02-13T02:59:47.012Z,36.5078,70.3466,203.021,4,mb,17,85,2.232,0.73,us,us6000jniv,2023-02-13T03:48:32.040Z,"44 km E of Farkh?r, Afghanistan",earthquake,7.11,15.411,0.3,3,reviewed,us,us
2023-02-13T01:02:42.568Z,37.7448,141.6829,56.649,4.6,mwr,103,121,3.026,0.81,us,us6000jnij,2023-02-13T10:01:22.634Z,"66 km ENE of Namie, Japan",earthquake,7.94,6.16,0.078,16,reviewed,us,us
2023-02-12T22:52:59.864Z,38.0276,36.6322,10,4.5,mb,59,99,1.028,0.57,us,us6000jni7,2023-02-13T06:32:10.098Z,"Central Turkey",earthquake,4.53,1.855,0.08,46,reviewed,us,us
2023-02-12T22:45:05.650Z,27.9619,87.9864,65.041,4,mb,34,66,2.402,0.89,us,us6000jni5,2023-02-13T22:13:10.040Z,"72 km NW of Mangan, India",earthquake,9.75,9.677,0.102,26,reviewed,us,us
2023-02-12T21:26:18.592Z,20.4266,121.9572,120.976,4.4,mb,49,121,2.516,0.52,us,us6000jnhw,2023-02-12T22:54:35.040Z,"2 km SSW of Basco, Philippines",earthquake,11.01,8.422,0.095,32,reviewed,us,us
2023-02-12T19:02:30.940Z,37.2414,37.0614,21.645,4.3,mb,51,132,1.872,0.77,us,us6000jnh5,2023-02-12T21:00:06.040Z,"29 km ENE of Nurda??, Turkey",earthquake,6.53,4.001,0.102,27,reviewed,us,us
2023-02-12T18:44:31.816Z,40.4167,141.6773,105.85,4.3,mb,73,128,0.597,0.88,us,us6000jnh4,2023-02-12T19:31:00.040Z,"17 km ESE of Hachinohe, Japan",earthquake,5.17,4.964,0.073,54,reviewed,us,us
2023-02-12T18:33:15.503Z,37.3899,37.048,15.731,4.7,mb,94,41,0.253,0.72,us,us6000jnh1,2023-02-12T20:12:18.292Z,"24 km SSE of Kahramanmara?, Turkey",earthquake,5.4,4.274,0.065,71,reviewed,us,us
2023-02-12T18:21:46.328Z,27.901,53.8254,17.391,4.3,mb,34,67,3.635,0.67,us,us6000jngz,2023-02-13T11:03:09.478Z,"",earthquake,10.97,4.907,0.116,21,reviewed,us,us
2023-02-12T17:28:17.880Z,38.0781,36.611,10,4.1,mb,18,79,0.978,0.8,us,us6000jngq,2023-02-12T18:16:40.040Z,"11 km ENE of Göksun, Turkey",earthquake,3.04,1.942,0.369,2,reviewed,us,us
2023-02-12T16:29:49.720Z,38.8053,38.015,10,4.9,mb,41,65,0.381,1.02,us,us6000jngk,2023-02-14T14:49:30.040Z,"7 km E of Hekimhan, Turkey",earthquake,5.93,1.918,0.078,52,reviewed,us,us
2023-02-12T15:19:36.199Z,32.7792,141.7648,24.929,4.5,mb,17,156,1.674,0.6,us,us6000jng8,2023-02-12T17:14:54.040Z,"294 km SSE of Katsuura, Japan",earthquake,11.02,7.318,0.191,8,reviewed,us,us
2023-02-12T14:30:03.732Z,37.8673,36.6552,10,4.3,mb,21,76,0.822,1.04,us,us6000jng3,2023-02-12T16:46:41.045Z,"Central Turkey",earthquake,5.23,1.957,0.133,16,reviewed,us,us
2023-02-12T13:29:14.930Z,38.0009,38.3289,10,4.6,mb,47,75,1.09,0.63,us,us6000jnfq,2023-02-12T16:06:52.560Z,"8 km ESE of Çelikhan, Turkey",earthquake,4.65,1.849,0.065,70,reviewed,us,us
2023-02-12T12:25:23.077Z,36.774,36.7811,9.343,4.2,mb,43,71,0.525,0.45,us,us6000jnfg,2023-02-12T16:07:12.122Z,"17 km SW of Musabeyli, Turkey",earthquake,4.74,5.835,0.127,17,reviewed,us,us
2023-02-12T10:48:14.834Z,26.3679,92.9309,10,4.3,mb,19,128,5.677,0.37,us,us6000jngh,2023-02-12T16:46:22.334Z,"32 km SSE of Tezpur, India",earthquake,11.56,1.957,0.188,8,reviewed,us,us
2023-02-12T10:00:22.635Z,38.2548,38.5098,16.625,4.1,mb,22,75,0.848,0.42,us,us6000jnf7,2023-02-12T10:40:40.040Z,"19 km ESE of Malatya, Turkey",earthquake,2.71,4.975,0.214,6,reviewed,us,us
2023-02-12T09:32:23.386Z,36.0908,36.3111,10,4.1,mb,24,74,1.299,0.46,us,us6000jnf4,2023-02-12T10:24:41.040Z,"5 km WNW of Hac?pa?a, Turkey",earthquake,4.42,1.927,0.184,8,reviewed,us,us
2023-02-12T08:21:01.432Z,41.8789,42.251,10,4,mb,12,130,1.14,0.58,us,us6000jney,2023-02-12T08:52:56.371Z,"",earthquake,5.47,1.966,0.212,6,reviewed,us,us
2023-02-12T08:07:01.419Z,41.8764,42.1314,10,4.2,mb,24,84,1.136,0.61,us,us6000jnex,2023-02-13T22:19:43.101Z,"11 km ESE of Ozurgeti, Georgia",earthquake,5.68,1.218,0.141,14,reviewed,us,us
2023-02-12T04:52:59.662Z,37.9259,37.5096,10,4.2,mb,24,101,0.789,0.85,us,us6000jndz,2023-02-12T05:14:37.040Z,"7 km SE of Nurhak, Turkey",earthquake,4.27,1.947,0.176,9,reviewed,us,us
2023-02-12T04:29:14.956Z,37.8213,38.2487,10,4.2,mb,23,122,1.05,0.87,us,us6000jndu,2023-02-12T04:44:09.040Z,"6 km NNW of Ad?yaman, Turkey",earthquake,3.04,1.95,0.236,5,reviewed,us,us
2023-02-11T23:30:56.632Z,37.9909,36.4045,10,4.1,mb,43,47,0.965,0.69,us,us6000jncu,2023-02-12T00:04:53.040Z,"8 km WSW of Göksun, Turkey",earthquake,3.96,1.918,0.135,15,reviewed,us,us
2023-02-11T22:29:16.392Z,36.6889,36.5403,10,4.2,mb,13,159,0.721,0.83,us,us6000jncp,2023-02-11T23:04:05.040Z,"10 km S of A?a?? Karafak?l?, Turkey",earthquake,4.09,2.003,0.121,19,reviewed,us,us
2023-02-11T20:39:05.278Z,37.8159,37.9186,10,4.2,mb,33,83,0.855,0.92,us,us6000jnc0,2023-02-11T22:14:05.040Z,"2 km N of Tut, Turkey",earthquake,4.8,1.918,0.122,19,reviewed,us,us
2023-02-11T17:50:17.060Z,38.1803,38.729,5.649,4.2,mb,49,104,0.962,0.64,us,us6000jnbi,2023-02-11T20:02:19.040Z,"18 km NNE of Sincik, Turkey",earthquake,3.41,5.021,0.104,28,reviewed,us,us
2023-02-11T17:20:01.507Z,36.2131,36.1207,10,4.3,mb,76,73,1.297,0.8,us,us6000jnbd,2023-02-11T18:35:19.099Z,"2 km S of Günyaz?, Turkey",earthquake,6.28,1.866,0.073,61,reviewed,us,us
2023-02-11T15:33:42.581Z,41.9458,42.2302,10,4.4,mb,33,55,1.072,0.73,us,us6000jnb2,2023-02-12T08:25:17.976Z,"18 km E of Ozurgeti, Georgia",earthquake,4.55,1.922,0.099,29,reviewed,us,us
2023-02-11T14:38:04.145Z,37.9684,36.4994,10,4.4,mb,30,76,0.975,0.92,us,us6000jnay,2023-02-12T13:49:07.292Z,"5 km S of Göksun, Turkey",earthquake,4.95,1.915,0.105,26,reviewed,us,us
2023-02-11T13:10:00.015Z,38.8618,38.0668,12.132,4.6,mb,68,46,0.312,0.79,us,us6000jnar,2023-02-15T01:53:07.040Z,"13 km ENE of Hekimhan, Turkey",earthquake,3.9,4.477,0.086,40,reviewed,us,us
2023-02-11T12:54:58.737Z,38.0797,36.5974,5.699,4.1,mb,25,69,0.97,0.47,us,us6000jnaq,2023-02-11T13:07:45.040Z,"10 km NE of Göksun, Turkey",earthquake,3.58,7.741,0.233,5,reviewed,us,us
2023-02-11T11:51:41.245Z,36.4205,36.3922,10,4.4,mb,40,166,0.997,0.5,us,us6000jnam,2023-02-11T20:21:09.849Z,"7 km NNW of Uzunkavak, Turkey",earthquake,6.12,1.93,0.144,14,reviewed,us,us
2023-02-11T11:35:48.410Z,23.3995,121.5985,35.193,4.7,mb,73,83,0.277,0.61,us,us6000jnal,2023-02-11T12:08:39.040Z,"63 km S of Hualien City, Taiwan",earthquake,3.65,6.475,0.074,56,reviewed,us,us
2023-02-11T11:05:16.816Z,38.0828,36.6437,10,4.4,mb,51,48,0.99,0.37,us,us6000jnai,2023-02-11T11:48:54.040Z,"14 km ENE of Göksun, Turkey",earthquake,4.6,1.891,0.11,24,reviewed,us,us
2023-02-11T10:45:00.618Z,33.4861,137.3876,339.947,4.1,mb,61,72,1.36,0.45,us,us6000jnag,2023-02-11T11:26:23.040Z,"121 km SSE of Toba, Japan",earthquake,7.53,7.04,0.07,57,reviewed,us,us
2023-02-11T09:03:36.029Z,37.9923,38.2507,6.127,4.4,mb,23,141,1.101,0.54,us,us6000jn9p,2023-02-11T09:33:31.040Z,"3 km SSE of Çelikhan, Turkey",earthquake,4.74,5.181,0.267,4,reviewed,us,us
2023-02-11T07:55:42.595Z,37.0141,36.9831,7.232,4.5,mb,54,115,0.24,0.98,us,us6000jn9a,2023-02-15T01:57:04.040Z,"15 km NNE of Musabeyli, Turkey",earthquake,4.12,5.545,0.125,19,reviewed,us,us
2023-02-11T06:28:13.065Z,37.9814,36.5916,10,4.6,mb,39,73,0.945,0.63,us,us6000jn97,2023-02-11T08:53:08.040Z,"9 km ESE of Göksun, Turkey",earthquake,5.72,1.908,0.173,10,reviewed,us,us
2023-02-11T06:06:24.313Z,37.9638,38.207,10,4,mb,30,115,1.119,0.58,us,us6000jn8z,2023-02-11T12:20:09.765Z,"7 km SSW of Çelikhan, Turkey",earthquake,5.25,1.949,0.183,8,reviewed,us,us
2023-02-11T05:09:32.729Z,51.4457,178.6224,60.919,4.4,mb,74,197,0.431,0.81,us,us6000jn8i,2023-02-11T16:54:50.049Z,"Rat Islands, Aleutian Islands, Alaska",earthquake,11.02,7.743,0.067,64,reviewed,us,us
2023-02-11T04:47:04.443Z,37.7485,36.6102,10,4.2,mb,48,75,0.747,0.54,us,us6000jn8d,2023-02-11T05:16:15.040Z,"29 km NE of And?r?n, Turkey",earthquake,4.98,1.858,0.128,17,reviewed,us,us
2023-02-11T03:38:25.495Z,37.983,38.49,15.886,4.2,mb,61,120,1.115,0.71,us,us6000jn88,2023-02-11T04:34:25.040Z,"12 km WSW of Sincik, Turkey",earthquake,4.22,4.397,0.11,23,reviewed,us,us
2023-02-11T02:41:43.117Z,23.7701,114.5782,10,4.1,mb,19,59,1.539,0.47,us,us6000jn7u,2023-02-15T04:27:33.269Z,"11 km WNW of Heyuan, China",earthquake,8.08,1.925,0.262,4,reviewed,us,us
2023-02-11T00:24:42.706Z,36.4575,36.6798,10,4.1,mb,35,168,0.83,0.72,us,us6000jn77,2023-02-11T00:55:07.040Z,"Turkey-Syria border region",earthquake,3.11,1.914,0.198,7,reviewed,us,us
2023-02-10T20:12:46.943Z,38.0504,38.6025,10,4.2,mb,35,119,1.062,0.99,us,us6000jn5q,2023-02-10T23:05:51.040Z,"eastern Turkey",earthquake,2.21,1.912,0.146,14,reviewed,us,us
2023-02-10T17:31:24.915Z,38.1657,38.5791,5.707,4.2,mb,43,100,0.945,0.52,us,us6000jn4x,2023-02-10T18:37:18.040Z,"14 km NNW of Sincik, Turkey",earthquake,3.49,4.305,0.113,22,reviewed,us,us
2023-02-10T17:00:52.253Z,37.8433,36.3069,10,4.9,mww,141,36,0.982,0.88,us,us6000jn4r,2023-02-15T02:07:11.510Z,"24 km SE of Saimbeyli, Turkey",earthquake,4.8,1.832,0.075,17,reviewed,us,us
2023-02-10T13:37:10.858Z,24.8687,143.464,11.936,4.7,mb,50,120,8.816,0.42,us,us6000jn3b,2023-02-11T06:40:19.040Z,"Volcano Islands, Japan region",earthquake,11.01,4.287,0.085,42,reviewed,us,us
2023-02-10T10:01:23.319Z,38.1295,38.1979,10,4.1,mb,33,75,0.846,0.34,us,us6000jn2a,2023-02-17T09:11:55.040Z,"12 km NNW of Çelikhan, Turkey",earthquake,3.01,1.945,0.262,4,reviewed,us,us
2023-02-10T09:02:51.105Z,37.9549,38.2183,10,4.2,mb,34,55,0.701,0.69,us,us6000jn1b,2023-02-17T09:01:51.040Z,"8 km SSW of Çelikhan, Turkey",earthquake,4.14,1.931,0.215,6,reviewed,us,us
2023-02-10T08:17:28.501Z,34.995,35.2889,10,4.2,mb,28,206,1.608,0.74,us,us6000jn19,2023-02-10T14:17:06.732Z,"Lebanon - Syria region",earthquake,5.34,1.93,0.187,8,reviewed,us,us
2023-02-10T04:50:24.897Z,38.175,38.1644,10,4.8,mb,55,79,1.255,0.76,us,us6000jn0h,2023-02-10T06:59:08.092Z,"15 km SSW of Ye?ilyurt, Turkey",earthquake,4.12,1.87,0.1,31,reviewed,us,us
2023-02-10T04:44:11.405Z,48.8668,153.6963,105.885,4.4,mb,36,135,5.207,0.77,us,us6000jn0j,2023-02-10T05:32:54.040Z,"266 km SW of Severo-Kuril’sk, Russia",earthquake,6.98,8.232,0.112,23,reviewed,us,us
2023-02-10T04:40:51.870Z,36.729,71.1203,209.786,4.2,mb,25,79,2.762,0.43,us,us6000jn0g,2023-02-10T13:10:08.662Z,"29 km ESE of Jurm, Afghanistan",earthquake,5.55,10.862,0.199,7,reviewed,us,us
2023-02-10T02:03:42.936Z,38.0894,38.2087,10,4.4,mb,35,66,1.211,1.19,us,us6000jmzl,2023-02-10T02:23:12.040Z,"7 km NNW of Çelikhan, Turkey",earthquake,5.28,1.886,0.115,22,reviewed,us,us
2023-02-10T01:51:00.509Z,37.8402,36.6189,10,4.9,mb,39,49,0.816,0.73,us,us6000jmzj,2023-02-15T02:13:02.040Z,"22 km SSE of Göksun, Turkey",earthquake,4.98,1.607,0.075,58,reviewed,us,us
2023-02-10T01:29:25.282Z,19.1183,121.0681,36.727,4.9,mb,41,102,3.681,1.02,us,us6000jmzh,2023-02-10T01:47:38.040Z,"56 km N of Claveria, Philippines",earthquake,9.48,5.17,0.075,57,reviewed,us,us
2023-02-09T22:06:39.722Z,36.9692,36.6923,10,4.2,mb,58,68,0.461,1.09,us,us6000jmvs,2023-02-09T22:31:50.040Z,"21 km SE of Hasanbeyli, Turkey",earthquake,4.63,1.68,0.101,27,reviewed,us,us
2023-02-09T21:46:29.575Z,37.1667,36.8266,10,4.1,mb,39,84,0.306,0.52,us,us6000jmvn,2023-02-09T22:20:29.040Z,"Central Turkey",earthquake,4.34,1.718,0.151,12,reviewed,us,us
2023-02-09T18:41:59.041Z,49.2798,155.9558,41.824,4.3,mb,30,170,4.114,0.71,us,us6000jmty,2023-02-10T17:00:59.040Z,"155 km S of Severo-Kuril’sk, Russia",earthquake,12.16,7.849,0.116,21,reviewed,us,us
2023-02-09T16:06:33.828Z,31.9318,92.9334,15.14,4.1,mb,58,69,6.624,0.48,us,us6000jmrc,2023-02-09T18:28:46.040Z,"Eastern Xizang",earthquake,4.25,4.541,0.088,42,reviewed,us,us
2023-02-09T09:46:56.179Z,38.0162,38.6105,15.872,4.3,mb,32,121,1.396,0.49,us,us6000jmpe,2023-02-09T20:34:21.991Z,"2 km S of Sincik, Turkey",earthquake,4.19,5.774,0.202,7,reviewed,us,us
2023-02-09T07:42:09.215Z,38.0166,36.6317,10,4.3,mb,39,70,0.96,0.95,us,us6000jmnx,2023-02-09T08:01:19.040Z,"11 km E of Göksun, Turkey",earthquake,1.74,1.945,0.137,15,reviewed,us,us
2023-02-09T07:18:16.806Z,36.924,36.6528,5.145,4.8,mb,71,39,0.51,0.58,us,us6000jmnp,2023-02-15T02:17:13.040Z,"Turkey-Syria border region",earthquake,4.91,4.653,0.074,56,reviewed,us,us
2023-02-09T05:37:35.117Z,38.2127,38.1982,17.431,4.1,mb,27,104,1.302,0.61,us,us6000jmnc,2023-02-09T06:30:37.040Z,"10 km SSW of Ye?ilyurt, Turkey",earthquake,5.19,5.117,0.262,5,reviewed,us,us
2023-02-09T04:34:45.360Z,38.0922,38.4552,15.995,4.3,mb,28,115,1.35,0.62,us,us6000jmn4,2023-02-10T03:15:15.040Z,"15 km WNW of Sincik, Turkey",earthquake,4.56,6.082,0.266,4,reviewed,us,us
2023-02-09T03:52:19.732Z,38.0056,38.5425,14.891,4.5,mb,23,121,1.347,0.69,us,us6000jmmz,2023-02-10T02:57:19.040Z,"7 km WSW of Sincik, Turkey",earthquake,2.87,6.119,0.314,3,reviewed,us,us
2023-02-09T03:24:55.884Z,36.8136,36.4252,10,4.3,mb,23,154,0.723,1.05,us,us6000jmmw,2023-02-10T02:37:05.040Z,"8 km W of Hassa, Turkey",earthquake,4.53,1.812,0.266,4,reviewed,us,us
2023-02-09T01:44:20.184Z,37.8647,37.6676,13.664,4.4,mb,38,106,0.781,0.76,us,us6000jmma,2023-02-10T02:13:05.040Z,"9 km NNE of Gölba??, Turkey",earthquake,1.96,5.407,0.149,13,reviewed,us,us
2023-02-09T01:38:13.965Z,38.4404,40.4232,7.791,4.4,mb,37,78,1.16,0.68,us,us6000jmm7,2023-02-10T02:08:02.040Z,"4 km NE of Hani, Turkey",earthquake,3.71,4.089,0.13,17,reviewed,us,us
2023-02-09T00:32:17.238Z,38.4058,39.292,16.333,4.2,mb,20,101,1.604,0.92,us,us6000jmlx,2023-02-09T00:46:31.040Z,"eastern Turkey",earthquake,5.75,2.313,0.236,5,reviewed,us,us
2023-02-08T22:36:50.425Z,38.2174,38.2049,16.084,4,mb,29,91,1.309,0.6,us,us6000jmll,2023-02-08T22:47:15.040Z,"9 km SSW of Ye?ilyurt, Turkey",earthquake,4.93,5.752,0.183,8,reviewed,us,us
2023-02-08T20:12:06.247Z,38.2099,38.1438,10,4.5,mb,29,103,1.274,1.18,us,us6000jmkh,2023-02-09T06:18:17.917Z,"13 km SW of Ye?ilyurt, Turkey",earthquake,4.86,1.928,0.27,4,reviewed,us,us
2023-02-08T18:58:53.997Z,34.1531,36.2324,10,4.2,mb,41,161,2.527,0.7,us,us6000jmjy,2023-02-09T15:16:20.598Z,"16 km N of Baalbek, Lebanon",earthquake,8.86,1.953,0.128,17,reviewed,us,us
2023-02-08T17:57:23.222Z,39.7838,40.7847,10,4.5,mb,34,48,1.567,1.2,us,us6000jmjj,2023-02-11T11:13:10.882Z,"eastern Turkey",earthquake,3.41,1.911,0.135,16,reviewed,us,us
2023-02-08T14:55:51.976Z,38.0117,38.5221,14.769,4.3,mb,59,67,1.338,0.45,us,us6000jmhi,2023-02-15T14:49:34.040Z,"8 km WSW of Sincik, Turkey",earthquake,5.52,4.669,0.114,22,reviewed,us,us
2023-02-08T14:42:22.459Z,38.1117,36.6183,10,4.4,mb,58,67,0.955,0.81,us,us6000jmhg,2023-02-15T14:39:08.040Z,"14 km NE of Göksun, Turkey",earthquake,3.45,1.906,0.115,22,reviewed,us,us
2023-02-08T14:20:25.727Z,37.9629,37.458,5.867,5.1,mww,143,55,0.814,0.88,us,us6000jmh3,2023-02-09T22:18:31.040Z,"1 km E of Nurhak, Turkey",earthquake,4.44,3.81,0.083,14,reviewed,us,us
2023-02-08T11:24:01.531Z,37.9186,37.5934,8.695,4.6,mb,69,78,0.805,0.68,us,us6000jmgg,2023-02-09T22:29:05.040Z,"14 km ESE of Nurhak, Turkey",earthquake,4.59,4.336,0.084,42,reviewed,us,us
2023-02-08T11:11:52.720Z,37.9467,37.6523,7.457,5.4,mww,112,44,0.849,0.8,us,us6000jmgf,2023-02-14T23:50:23.836Z,"18 km N of Gölba??, Turkey",earthquake,4.46,3.995,0.065,23,reviewed,us,us
2023-02-08T11:00:20.006Z,38.0857,37.825,10,4.3,mb,28,98,1.035,0.5,us,us6000jmge,2023-02-09T22:42:35.040Z,"Central Turkey",earthquake,5.29,1.969,0.237,5,reviewed,us,us
2023-02-08T10:49:59.354Z,23.3731,121.6213,31.168,4.8,mwr,97,40,0.298,0.76,us,us6000jmgd,2023-02-12T14:28:12.632Z,"66 km S of Hualien City, Taiwan",earthquake,3.66,4.366,0.06,27,reviewed,us,us
2023-02-08T10:26:23.732Z,37.0457,37.0143,10,4.5,mb,68,115,0.201,0.89,us,us6000jmg9,2023-02-09T22:46:54.040Z,"19 km NNE of Musabeyli, Turkey",earthquake,4.59,1.867,0.09,36,reviewed,us,us
2023-02-08T07:48:32.134Z,37.9993,36.4734,10,4.9,mb,70,24,0.983,0.96,us,us6000jmg1,2023-02-09T22:21:28.040Z,"3 km SW of Göksun, Turkey",earthquake,4.11,1.857,0.082,47,reviewed,us,us
2023-02-08T06:39:01.947Z,42.9888,145.3592,53.335,4.4,mb,61,134,1.897,0.41,us,us6000jmfs,2023-02-08T08:02:42.040Z,"41 km SSW of Nemuro, Japan",earthquake,8.87,7.583,0.072,56,reviewed,us,us
2023-02-08T06:09:01.827Z,36.3573,36.1303,10,4.4,mb,39,186,1.188,0.59,us,us6000jmfn,2023-02-08T07:09:30.941Z,"Turkey-Syria border region",earthquake,4.45,1.965,0.11,24,reviewed,us,us
2023-02-08T05:52:37.740Z,38.0493,36.6816,10,4.6,mb,37,67,0.971,0.97,us,us6000jmfk,2023-02-09T22:37:19.040Z,"Central Turkey",earthquake,4.08,1.924,0.119,21,reviewed,us,us
2023-02-08T04:52:02.006Z,46.4364,152.8927,35,4.6,mb,47,132,7.366,0.44,us,us6000jmff,2023-02-08T05:33:29.040Z,"Kuril Islands",earthquake,10.81,1.923,0.102,29,reviewed,us,us
2023-02-08T04:01:16.829Z,32.265,49.7516,10,4.3,mb,21,86,4.92,0.47,us,us6000jmfb,2023-02-08T05:24:30.040Z,"western Iran",earthquake,7.44,1.826,0.153,12,reviewed,us,us
2023-02-08T03:01:02.295Z,37.0315,36.7208,10,4.3,mb,24,113,0.415,0.49,us,us6000jmer,2023-02-08T04:58:49.040Z,"15 km S of Nurda??, Turkey",earthquake,4.59,1.96,0.177,9,reviewed,us,us
2023-02-08T02:44:12.408Z,30.3499,138.3154,436.037,4,mb,47,108,3.038,0.38,us,us6000jmep,2023-02-08T04:49:59.040Z,"Izu Islands, Japan region",earthquake,10.77,7.318,0.098,28,reviewed,us,us
2023-02-08T02:25:12.711Z,37.8719,38.1216,10,4.3,mb,44,101,1.007,0.62,us,us6000jmem,2023-02-08T04:36:20.040Z,"",earthquake,4.59,1.761,0.13,17,reviewed,us,us
2023-02-08T00:11:56.157Z,38.1268,37.2542,17.189,4,mb,29,58,0.954,0.89,us,us6000jme5,2023-02-08T00:34:29.040Z,"9 km NE of Ekinözü, Turkey",earthquake,2.84,5.692,0.184,8,reviewed,us,us
2023-02-07T23:13:01.426Z,35.9449,35.9074,10,4.5,mb,57,129,1.612,0.92,us,us6000jmdw,2023-02-07T23:53:51.950Z,"14 km WNW of Yaylada??, Turkey",earthquake,7.17,1.913,0.077,49,reviewed,us,us
2023-02-07T22:45:27.921Z,38.0992,36.5507,6.069,4.2,mb,51,37,0.325,1.21,us,us6000jp4y,2023-02-16T04:17:23.040Z,"9 km NNE of Göksun, Turkey",earthquake,3.51,6.818,0.146,13,reviewed,us,us
2023-02-07T22:07:54.879Z,38.0663,36.5541,12.635,4.2,mb,56,45,0.357,0.58,us,us6000jp4v,2023-02-16T05:07:17.040Z,"Central Turkey",earthquake,3.17,4.898,0.118,20,reviewed,us,us
2023-02-07T21:58:54.224Z,37.4201,36.9564,12.635,4.1,mb,20,90,0.096,0.73,us,us6000jp4u,2023-02-16T05:14:51.040Z,"18 km S of Kahramanmara?, Turkey",earthquake,3.88,3.357,0.302,3,reviewed,us,us
2023-02-07T21:21:26.864Z,37.8863,37.4652,10,4.9,mb,77,55,0.742,0.91,us,us6000jmc7,2023-02-08T00:54:33.549Z,"8 km SSE of Nurhak, Turkey",earthquake,4.25,1.847,0.06,89,reviewed,us,us
2023-02-07T21:14:29.089Z,32.1292,35.283,10,4.1,mb,11,171,3.261,0.56,us,us6000jmcs,2023-02-14T16:57:31.007Z,"Dead Sea region",earthquake,9.11,1.984,0.301,4,reviewed,us,us
2023-02-07T19:54:23.789Z,38.5952,39.9774,10,4.6,mwr,122,34,1.428,0.6,us,us6000jmbq,2023-02-07T22:56:20.040Z,"",earthquake,4.97,1.829,0.071,19,reviewed,us,us
2023-02-07T19:13:48.746Z,38.1175,36.9616,5.404,4.4,mb,75,44,0.964,0.76,us,us6000jmbj,2023-02-07T22:39:10.040Z,"Central Turkey",earthquake,4.36,4.485,0.078,52,reviewed,us,us
2023-02-07T18:10:00.474Z,37.9568,36.5992,21.625,5.3,mww,163,29,0.921,0.7,us,us6000jmat,2023-02-09T21:35:46.415Z,"11 km SE of Göksun, Turkey",earthquake,5.04,4.467,0.093,11,reviewed,us,us
2023-02-07T17:38:00.954Z,37.8978,37.6231,20.542,4.2,mb,29,102,0.796,1.12,us,us6000jmar,2023-02-07T18:10:57.040Z,"12 km N of Gölba??, Turkey",earthquake,4.16,2.481,0.146,15,reviewed,us,us
2023-02-07T15:48:53.715Z,38.0351,36.4807,8.309,5,mww,105,23,0.955,0.67,us,us6000jm96,2023-02-07T17:55:59.728Z,"Central Turkey",earthquake,3.77,3.613,0.062,25,reviewed,us,us
2023-02-07T15:31:29.589Z,37.3122,37.1417,19.481,4.6,mb,89,75,0.15,0.7,us,us6000jm95,2023-02-07T16:05:48.995Z,"23 km SW of Pazarc?k, Turkey",earthquake,6.48,4.855,0.073,56,reviewed,us,us
2023-02-07T13:36:41.580Z,36.0659,35.8787,10,4.4,mb,56,126,1.538,0.94,us,us6000jm84,2023-02-07T17:58:45.040Z,"16 km WSW of Uzunba?, Turkey",earthquake,5.87,1.892,0.094,33,reviewed,us,us
2023-02-07T12:07:04.188Z,38.1924,38.2586,10,4.4,mb,42,39,1.315,0.67,us,us6000jm7q,2023-02-07T12:48:27.040Z,"11 km S of Ye?ilyurt, Turkey",earthquake,4.28,1.847,0.109,24,reviewed,us,us
2023-02-07T10:56:30.804Z,37.8437,36.8362,10,4.4,mb,41,69,0.733,0.38,us,us6000jm7k,2023-02-07T14:12:07.040Z,"29 km NNW of Kahramanmara?, Turkey",earthquake,5.79,1.926,0.112,23,reviewed,us,us
2023-02-07T10:53:22.293Z,40.1694,23.6373,10,4.9,mb,70,79,1.742,0.42,us,us6000jm7j,2023-02-07T18:39:27.336Z,"Greece",earthquake,2.62,1.874,0.069,66,reviewed,us,us
2023-02-07T10:27:31.295Z,38.1343,38.1199,10,4.6,mb,63,67,1.202,0.51,us,us6000jm7h,2023-02-07T11:21:10.040Z,"",earthquake,2.54,1.883,0.08,46,reviewed,us,us
2023-02-07T10:18:13.368Z,38.0026,38.5474,10,5.4,mww,94,29,1.348,0.56,us,us6000jm7f,2023-02-09T14:17:35.591Z,"6 km WSW of Sincik, Turkey",earthquake,5.35,1.838,0.073,18,reviewed,us,us
2023-02-07T08:25:47.353Z,37.9445,37.4901,10,4.5,mb,31,72,0.803,0.71,us,us6000jm71,2023-02-07T08:48:18.040Z,"4 km ESE of Nurhak, Turkey",earthquake,4.14,1.949,0.127,18,reviewed,us,us
2023-02-07T07:26:36.400Z,38.0354,37.6579,16.534,4.5,mb,35,113,0.932,0.62,us,us6000jm6v,2023-02-07T08:29:49.040Z,"19 km WSW of Do?an?ehir, Turkey",earthquake,3.66,5.223,0.171,10,reviewed,us,us
2023-02-07T07:11:14.840Z,38.1162,38.6693,6.829,5.4,mww,119,29,1.494,0.59,us,us6000jm6p,2023-02-09T22:00:34.606Z,"10 km NNE of Sincik, Turkey",earthquake,5.51,3.665,0.052,36,reviewed,us,us
2023-02-07T06:48:53.332Z,38.2378,37.5769,19.14,4.6,mb,58,67,1.103,0.69,us,us6000jm6b,2023-02-07T07:50:10.040Z,"30 km WNW of Do?an?ehir, Turkey",earthquake,4.83,5.244,0.093,35,reviewed,us,us
2023-02-07T06:45:41.995Z,49.1754,155.8969,22.217,5.3,mww,91,74,4.098,0.51,us,us6000jm6a,2023-02-07T07:39:38.040Z,"167 km S of Severo-Kuril’sk, Russia",earthquake,7.92,4.94,0.086,13,reviewed,us,us
2023-02-07T06:40:54.343Z,38.0531,36.4632,10,4.5,mb,37,74,0.933,0.45,us,us6000jm69,2023-02-07T07:13:13.040Z,"Central Turkey",earthquake,2.11,1.957,0.15,13,reviewed,us,us
2023-02-07T05:26:31.390Z,36.1206,36.3448,18.551,4.4,mb,50,128,1.259,0.48,us,us6000jm63,2023-02-07T06:19:37.920Z,"5 km S of Boynuyo?un, Turkey",earthquake,5.64,4.995,0.124,19,reviewed,us,us
2023-02-07T04:42:03.517Z,36.7885,36.6758,10,4.4,mb,40,117,0.574,0.69,us,us6000jm5v,2023-02-08T03:46:27.040Z,"10 km E of A?a?? Karafak?l?, Turkey",earthquake,4.11,1.939,0.13,17,reviewed,us,us
2023-02-07T04:16:42.757Z,37.8735,37.3422,10,4.3,mb,20,87,0.708,0.37,us,us6000jm5s,2023-02-08T03:23:59.040Z,"13 km SW of Nurhak, Turkey",earthquake,2.84,1.965,0.532,1,reviewed,us,us
2023-02-07T03:37:00.775Z,36.2739,36.2566,10,4.2,mb,27,194,1.179,0.73,us,us6000jm5j,2023-02-08T02:40:46.040Z,"3 km NNE of Kastal, Turkey",earthquake,7.29,1.972,0.176,9,reviewed,us,us
2023-02-07T03:13:12.767Z,37.7582,37.7303,10,5.5,mww,131,45,0.717,0.6,us,us6000jm5e,2023-02-09T21:31:31.564Z,"8 km ESE of Gölba??, Turkey",earthquake,4.93,1.699,0.062,25,reviewed,us,us
2023-02-07T03:08:57.191Z,37.9315,37.6463,10,4.6,mb,63,80,0.834,0.65,us,us6000jm5c,2023-02-08T01:41:31.908Z,"16 km N of Gölba??, Turkey",earthquake,4.11,1.913,0.093,35,reviewed,us,us
2023-02-07T03:02:54.913Z,37.2628,37.2357,10,4.4,mb,28,71,0.093,0.62,us,us6000jm5a,2023-02-08T01:30:19.040Z,"25 km SSW of Pazarc?k, Turkey",earthquake,3.43,1.954,0.169,10,reviewed,us,us
2023-02-07T02:53:27.542Z,37.9084,36.3859,10,4.3,mb,20,82,0.984,0.6,us,us6000jm57,2023-02-08T01:05:09.040Z,"15 km SW of Göksun, Turkey",earthquake,3.95,1.885,0.16,11,reviewed,us,us
2023-02-07T02:47:37.006Z,35.9377,35.9777,10,4.8,mb,93,47,1.582,0.83,us,us6000jm55,2023-02-08T00:58:05.800Z,"8 km WNW of Yaylada??, Turkey",earthquake,5.91,1.838,0.063,78,reviewed,us,us
2023-02-07T02:46:21.021Z,45.0164,80.9787,46.194,4,mb,20,65,1.923,0.74,us,us6000jm56,2023-02-08T00:23:22.040Z,"94 km ESE of Sarkand, Kazakhstan",earthquake,7.45,14.801,0.211,6,reviewed,us,us
2023-02-07T02:43:28.064Z,38.116,36.9288,10,4.4,mb,24,57,0.968,0.59,us,us6000jm54,2023-02-08T00:10:06.040Z,"14 km S of Af?in, Turkey",earthquake,5.21,1.975,0.154,12,reviewed,us,us
2023-02-07T02:39:03.922Z,38.6097,37.5098,15.771,4.2,mb,32,64,1.323,0.54,us,us6000jm53,2023-02-08T00:00:30.040Z,"7 km N of Darende, Turkey",earthquake,1.77,5.453,0.176,9,reviewed,us,us
2023-02-07T02:30:56.818Z,26.8281,55.2072,10,4.5,mb,18,97,2.079,0.78,us,us6000jm52,2023-02-09T08:50:19.819Z,"44 km NE of Bandar-e Lengeh, Iran",earthquake,7.06,1.952,0.164,11,reviewed,us,us
2023-02-07T01:34:30.485Z,37.4162,37.125,15.567,4.4,mb,30,73,0.253,0.95,us,us6000jm4x,2023-02-07T23:14:43.849Z,"17 km WSW of Pazarc?k, Turkey",earthquake,5.28,6.153,0.138,15,reviewed,us,us
2023-02-07T01:29:19.249Z,38.0748,36.7378,10,4.1,mb,40,65,0.976,0.68,us,us6000jm4r,2023-02-07T22:28:16.040Z,"21 km ENE of Göksun, Turkey",earthquake,5.16,1.965,0.145,13,reviewed,us,us
2023-02-06T23:29:15.039Z,35.6093,35.3527,10,4.5,mb,65,44,1.776,0.57,us,us6000jm3x,2023-02-07T01:26:45.238Z,"40 km WNW of Latakia, Syria",earthquake,5.13,1.851,0.097,31,reviewed,us,us
2023-02-06T22:29:39.918Z,38.0525,36.4229,7.688,4.4,mb,45,75,0.917,0.77,us,us6000jm3n,2023-02-07T08:09:01.188Z,"7 km WNW of Göksun, Turkey",earthquake,3.95,4.274,0.095,33,reviewed,us,us
2023-02-06T22:26:18.993Z,37.8818,37.4134,14.262,4.3,mb,46,68,0.727,1.38,us,us6000jm3l,2023-02-06T22:50:12.040Z,"9 km SSW of Nurhak, Turkey",earthquake,4.62,4.915,0.096,31,reviewed,us,us
2023-02-06T22:11:37.240Z,38.152,38.2301,14.999,4.4,mb,51,94,1.27,0.65,us,us6000jm3f,2023-02-06T22:40:00.723Z,"14 km N of Çelikhan, Turkey",earthquake,4.9,3.044,0.093,33,reviewed,us,us
2023-02-06T21:57:44.063Z,38.0372,36.6112,9.752,5.1,mb,93,28,0.986,0.9,us,us6000jm3c,2023-02-06T22:17:07.699Z,"10 km E of Göksun, Turkey",earthquake,5.9,2.145,0.045,163,reviewed,us,us
2023-02-06T21:15:17.630Z,38.0646,37.0764,6.316,4.8,mb,94,49,0.897,0.76,us,us6000jm30,2023-02-06T21:29:41.040Z,"9 km W of Ekinözü, Turkey",earthquake,6.04,4.478,0.063,77,reviewed,us,us
2023-02-06T21:02:03.594Z,36.54,36.4583,4.372,4.4,mb,54,132,0.872,0.97,us,us6000jm2x,2023-02-06T21:16:28.040Z,"10 km ENE of K?r?khan, Turkey",earthquake,5.17,3.4,0.088,37,reviewed,us,us
2023-02-06T20:53:24.303Z,38.2085,38.2826,10,5,mb,100,55,1.34,0.83,us,us6000jm2v,2023-02-07T16:45:30.040Z,"eastern Turkey",earthquake,5.98,1.839,0.051,120,reviewed,us,us
2023-02-06T20:44:00.097Z,37.9832,36.5543,10,4.9,mb,66,44,0.963,0.62,us,us6000jm2t,2023-02-07T16:41:35.040Z,"6 km SE of Göksun, Turkey",earthquake,3.26,1.849,0.059,91,reviewed,us,us
2023-02-06T20:37:51.608Z,37.1953,37.0867,10,5.3,mww,125,28,0.101,0.74,us,us6000jm2r,2023-02-07T16:40:19.276Z,"Central Turkey",earthquake,5.69,1.801,0.071,19,reviewed,us,us
2023-02-06T20:20:16.343Z,24.2731,121.8011,20.438,4.8,mb,68,85,0.213,1.08,us,us6000jm2l,2023-02-07T15:33:47.205Z,"Taiwan",earthquake,4.29,2.903,0.06,86,reviewed,us,us
2023-02-06T20:14:11.915Z,37.995,36.5183,10,4.2,mb,37,75,0.988,0.71,us,us6000jm2k,2023-02-07T15:31:45.040Z,"3 km SSE of Göksun, Turkey",earthquake,4.67,1.354,0.118,20,reviewed,us,us
2023-02-06T20:05:34.741Z,37.9925,36.3278,10,4.7,mb,73,38,0.938,0.72,us,us6000jm29,2023-02-07T15:24:44.040Z,"15 km WSW of Göksun, Turkey",earthquake,3.02,1.849,0.062,80,reviewed,us,us
2023-02-06T19:49:40.124Z,38.1141,36.6304,10,4.3,mb,34,67,0.96,0.63,us,us6000jm28,2023-02-07T15:00:32.040Z,"15 km NE of Göksun, Turkey",earthquake,5.2,1.967,0.168,10,reviewed,us,us
2023-02-06T19:40:16.073Z,38.027,38.1796,5.803,4.6,mb,89,54,1.15,0.7,us,us6000jm2a,2023-02-07T14:59:56.040Z,"5 km W of Çelikhan, Turkey",earthquake,5.11,4.895,0.065,71,reviewed,us,us
2023-02-06T19:35:50.692Z,37.4716,37.1628,10,4.3,mb,43,59,0.301,0.69,us,us6000jm21,2023-02-06T22:39:01.069Z,"12 km W of Pazarc?k, Turkey",earthquake,3.19,1.912,0.111,23,reviewed,us,us
2023-02-06T19:30:59.956Z,38.0636,37.334,10,4.4,mb,53,82,0.895,0.95,us,us6000jm1z,2023-02-06T22:35:20.040Z,"12 km E of Ekinözü, Turkey",earthquake,4.01,1.917,0.098,31,reviewed,us,us
2023-02-06T19:15:47.703Z,37.9712,36.3823,10,4.4,mb,34,79,0.975,0.93,us,us6000jm1w,2023-02-06T22:33:15.040Z,"Central Turkey",earthquake,3.72,1.806,0.12,20,reviewed,us,us
2023-02-06T18:03:53.837Z,37.9815,36.4482,10,5.2,mww,112,20,0.989,0.77,us,us6000jm1p,2023-02-09T23:00:21.389Z,"6 km SW of Göksun, Turkey",earthquake,5,1.8,0.098,10,reviewed,us,us
2023-02-06T18:02:44.519Z,38.1001,36.4785,10,4.4,mb,39,72,0.9,0.64,us,us6000jm1n,2023-02-06T22:17:58.040Z,"",earthquake,6.07,1.922,0.112,23,reviewed,us,us
2023-02-06T17:46:49.973Z,38.0906,37.855,10,4.5,mb,51,83,1.05,1.09,us,us6000jm13,2023-02-06T22:15:27.040Z,"1 km WNW of Do?an?ehir, Turkey",earthquake,3.92,1.717,0.11,24,reviewed,us,us
2023-02-06T17:31:33.226Z,36.967,36.7482,10,4.5,mb,56,86,0.422,1.24,us,us6000jly1,2023-02-06T22:01:25.040Z,"17 km WNW of Musabeyli, Turkey",earthquake,4.41,1.93,0.099,30,reviewed,us,us
2023-02-06T17:26:24.437Z,38.0896,36.7014,10,4.7,mb,80,42,1.001,0.97,us,us6000jlwh,2023-02-06T21:59:00.040Z,"19 km ENE of Göksun, Turkey",earthquake,4.69,1.844,0.067,67,reviewed,us,us
2023-02-06T17:22:01.451Z,38.0974,36.478,10,4.1,mb,24,77,0.902,1.1,us,us6000jlww,2023-02-06T21:54:09.040Z,"Central Turkey",earthquake,3.91,1.914,0.175,9,reviewed,us,us
2023-02-06T17:11:47.700Z,37.9232,37.3396,10,4.3,mb,38,64,0.757,1.02,us,us6000jlu3,2023-02-06T21:59:24.040Z,"9 km WSW of Nurhak, Turkey",earthquake,5.49,1.955,0.133,16,reviewed,us,us
2023-02-06T16:55:37.348Z,38.0975,37.4326,16.247,4.5,mb,82,67,1.455,0.51,us,us6000jlth,2023-02-06T20:45:06.040Z,"14 km N of Nurhak, Turkey",earthquake,6.06,4.438,0.077,49,reviewed,us,us
2023-02-06T16:43:29.298Z,37.9616,36.4753,10,5,mb,126,34,0.981,0.77,us,us6000jlta,2023-02-09T22:55:21.040Z,"6 km SSW of Göksun, Turkey",earthquake,3.3,1.655,0.047,143,reviewed,us,us
2023-02-06T16:32:11.313Z,36.6111,36.4444,10,4.9,mb,51,93,0.831,0.97,us,us6000jlt7,2023-02-06T18:40:09.801Z,"14 km NNE of K?r?khan, Turkey",earthquake,8.01,1.87,0.063,79,reviewed,us,us
2023-02-06T16:26:39.603Z,38.0304,36.6206,10,4.8,mb,68,39,0.976,0.67,us,us6000jlt1,2023-02-06T16:45:58.040Z,"10 km E of Göksun, Turkey",earthquake,5.13,1.845,0.065,73,reviewed,us,us
2023-02-06T16:26:15.509Z,37.9847,36.9072,10,4.6,mb,88,61,0.846,0.58,us,us6000jlt5,2023-02-06T17:02:26.040Z,"26 km WSW of Ekinözü, Turkey",earthquake,6.3,1.863,0.074,55,reviewed,us,us
2023-02-06T16:06:43.568Z,38.0248,37.0728,10,4.3,mb,19,100,0.858,0.49,us,us6000jlsy,2023-02-06T17:43:52.040Z,"10 km WSW of Ekinözü, Turkey",earthquake,4.53,1.923,0.188,8,reviewed,us,us
2023-02-06T15:33:32.803Z,38.161,38.1869,8.774,5.2,mb,94,66,1.255,0.94,us,us6000jlsu,2023-02-06T15:49:49.040Z,"eastern Turkey",earthquake,3.93,4.267,0.061,88,reviewed,us,us
2023-02-06T15:14:34.430Z,37.8679,37.7388,10,5.3,mb,108,55,0.812,0.73,us,us6000jlsq,2023-02-06T18:21:03.780Z,"12 km NE of Gölba??, Turkey",earthquake,4.92,1.838,0.046,156,reviewed,us,us
2023-02-06T14:57:47.066Z,37.9248,37.9099,10,4.5,mb,25,108,1.867,0.59,us,us6000jlsn,2023-02-06T17:54:08.040Z,"14 km N of Tut, Turkey",earthquake,6.66,1.933,0.135,16,reviewed,us,us
2023-02-06T14:51:16.243Z,38.0912,38.4342,10,4.4,mb,23,115,1.337,1.25,us,us6000jlsl,2023-02-06T17:37:32.040Z,"16 km WNW of Sincik, Turkey",earthquake,2.83,1.957,0.126,18,reviewed,us,us
2023-02-06T14:41:57.408Z,38.1202,37.8325,10,4.4,mb,15,99,1.068,0.49,us,us6000jlsj,2023-02-06T18:03:15.040Z,"Central Turkey",earthquake,4.33,1.95,0.219,6,reviewed,us,us
2023-02-06T14:29:58.740Z,37.9949,36.5123,10,4.7,mb,39,95,0.991,1.11,us,us6000jlsf,2023-02-06T17:49:03.040Z,"3 km SSE of Göksun, Turkey",earthquake,3.37,1.888,0.086,41,reviewed,us,us
2023-02-06T14:27:43.378Z,36.7725,36.5341,10,4.5,mb,59,71,0.672,0.96,us,us6000jlse,2023-02-06T20:03:37.040Z,"2 km WSW of A?a?? Karafak?l?, Turkey",earthquake,5.05,1.893,0.083,42,reviewed,us,us
2023-02-06T14:17:18.940Z,37.9517,37.3799,16.712,4.4,mb,44,88,0.783,0.7,us,us6000jlsd,2023-02-06T18:40:54.040Z,"5 km WSW of Nurhak, Turkey",earthquake,5.5,4.013,0.107,25,reviewed,us,us
2023-02-06T14:10:11.931Z,37.8331,37.4605,16.453,4.5,mb,48,89,0.689,0.64,us,us6000jlsb,2023-02-06T18:26:20.040Z,"14 km S of Nurhak, Turkey",earthquake,5.63,5.044,0.086,40,reviewed,us,us
2023-02-06T14:04:50.340Z,38.0339,36.5452,10,4.4,mb,46,72,0.984,0.74,us,us6000jls9,2023-02-06T17:26:32.040Z,"4 km ENE of Göksun, Turkey",earthquake,2.26,1.921,0.112,23,reviewed,us,us
2023-02-06T13:44:51.613Z,37.9272,37.5076,17.336,5,mb,76,76,0.79,0.52,us,us6000jls6,2023-02-06T18:19:44.917Z,"Central Turkey",earthquake,4.95,1.715,0.061,84,reviewed,us,us
2023-02-06T13:39:24.254Z,38.0166,37.7013,10,5.3,mb,221,33,0.929,1.23,us,us6000jls3,2023-02-16T21:46:47.405Z,"16 km WSW of Do?an?ehir, Turkey",earthquake,5.36,1.802,0.044,176,reviewed,us,us
2023-02-06T13:36:08.640Z,36.3454,36.4775,10,4.2,mb,32,96,1.013,0.75,us,us6000jntr,2023-02-16T21:17:07.040Z,"5 km E of Uzunkavak, Turkey",earthquake,5.82,1.946,0.186,8,reviewed,us,us
2023-02-06T13:33:15.653Z,37.9231,37.5399,15.685,4.2,mb,32,64,0.794,1.06,us,us6000jnu9,2023-02-16T21:05:19.040Z,"9 km ESE of Nurhak, Turkey",earthquake,5.73,3.69,0.235,5,reviewed,us,us
2023-02-06T13:32:19.755Z,38.726,38.445,15.303,4.2,mb,30,69,1.317,0.54,us,us6000jnwm,2023-02-16T20:54:37.040Z,"16 km ESE of Arguvan, Turkey",earthquake,3.58,5.492,0.141,14,reviewed,us,us
2023-02-06T13:31:39.632Z,36.3959,36.3691,10,4.5,mb,33,103,1.027,0.62,us,us6000jntn,2023-02-16T20:43:35.040Z,"6 km NW of Uzunkavak, Turkey",earthquake,5.39,1.915,0.135,16,reviewed,us,us
2023-02-06T13:22:01.325Z,38.0367,37.3789,10.761,4.4,mb,40,71,0.874,0.49,us,us6000jntp,2023-02-15T22:48:17.040Z,"Central Turkey",earthquake,4.67,4.794,0.144,14,reviewed,us,us
2023-02-06T13:17:42.209Z,37.9951,36.3843,10,4.9,mb,106,30,0.412,0.78,us,us6000jls0,2023-02-15T23:06:10.217Z,"",earthquake,5.62,1.798,0.057,98,reviewed,us,us
2023-02-06T13:14:02.533Z,37.8769,37.8935,16.594,4.5,mb,28,154,1.88,1.01,us,us6000jntl,2023-02-15T15:38:40.040Z,"9 km NNW of Tut, Turkey",earthquake,6.91,5.047,0.131,17,reviewed,us,us
2023-02-06T13:12:27.843Z,37.9077,36.5237,10,4.8,mb,50,81,1.082,0.61,us,us6000jnvk,2023-02-14T23:14:32.040Z,"",earthquake,5.57,1.857,0.118,22,reviewed,us,us
2023-02-06T13:11:56.990Z,38.0104,36.6564,10,4.7,mb,61,42,0.945,0.74,us,us6000jlry,2023-02-14T22:54:42.040Z,"14 km E of Göksun, Turkey",earthquake,3.29,1.835,0.086,41,reviewed,us,us
2023-02-06T13:09:21.082Z,36.2061,36.2521,10,4.6,mb,39,102,2.685,0.51,us,us6000jntm,2023-02-14T22:50:11.040Z,"1 km SSW of Aç?kdere, Turkey",earthquake,9.07,1.888,0.113,23,reviewed,us,us
2023-02-06T13:07:45.530Z,38.0778,37.3746,18.767,5,mb,111,56,0.914,0.73,us,us6000jlrv,2023-02-14T21:45:43.508Z,"13 km NNW of Nurhak, Turkey",earthquake,6.01,4.064,0.052,115,reviewed,us,us
2023-02-06T13:06:38.866Z,37.9553,37.261,17.86,4.5,mb,52,105,0.783,0.91,us,us6000jnu4,2023-02-14T21:38:44.040Z,"13 km SSE of Ekinözü, Turkey",earthquake,1.99,4.512,0.108,25,reviewed,us,us
2023-02-06T13:03:18.930Z,38.0086,37.4892,16.477,4.6,mb,76,125,1.54,0.93,us,us6000jntk,2023-02-14T21:34:12.040Z,"Central Turkey",earthquake,5.69,4.021,0.085,41,reviewed,us,us
2023-02-06T13:02:39.258Z,42.8104,69.1811,9.273,4.5,mb,45,93,1.02,0.77,us,us6000jlrs,2023-02-14T21:25:25.623Z,"24 km NNW of Temirlanovka, Kazakhstan",earthquake,5.57,4.882,0.151,13,reviewed,us,us
2023-02-06T13:00:18.096Z,38.1094,36.691,10,4.5,mb,34,97,0.994,0.63,us,us6000jlrt,2023-02-14T21:19:59.040Z,"Central Turkey",earthquake,4.18,1.761,0.115,22,reviewed,us,us
2023-02-06T12:54:40.287Z,37.7669,36.6981,10,4.6,mb,58,53,0.72,0.55,us,us6000jlrq,2023-02-07T09:54:04.040Z,"28 km NW of Kahramanmara?, Turkey",earthquake,5.54,1.886,0.094,34,reviewed,us,us
2023-02-06T12:48:00.893Z,38.0257,36.884,10,4.3,mb,36,61,0.891,0.54,us,us6000jlrp,2023-02-07T09:38:53.040Z,"Central Turkey",earthquake,3,1.944,0.142,14,reviewed,us,us
2023-02-06T12:36:36.913Z,38.101,38.2227,10,4.7,mb,39,110,1.227,0.39,us,us6000jlrk,2023-02-06T13:07:01.040Z,"8 km N of Çelikhan, Turkey",earthquake,5.81,1.922,0.095,34,reviewed,us,us
2023-02-06T12:34:43.520Z,38.1116,38.244,13.017,4.9,mb,38,95,1.247,0.79,us,us6000jlrj,2023-02-06T18:18:34.081Z,"9 km N of Çelikhan, Turkey",earthquake,5.28,4.691,0.123,21,reviewed,us,us
2023-02-06T12:21:18.935Z,38.0517,36.4276,10.588,4.4,mb,37,75,0.92,0.46,us,us6000jlrh,2023-02-07T09:25:15.590Z,"7 km WNW of Göksun, Turkey",earthquake,4.25,4.68,0.126,18,reviewed,us,us
2023-02-06T12:13:47.350Z,37.9016,37.4176,10,4.8,mb,72,68,0.747,0.68,us,us6000jlrg,2023-02-06T12:52:12.040Z,"Central Turkey",earthquake,4.79,1.822,0.066,70,reviewed,us,us
2023-02-06T12:02:11.825Z,38.0605,36.537,10,6,mb,116,29,0.958,1,us,us6000jlrc,2023-02-16T21:13:41.161Z,"5 km NE of Göksun, Turkey",earthquake,4.4,1.811,0.027,513,reviewed,us,us
2023-02-06T11:58:36.837Z,38.0358,37.5511,10,4.8,mb,58,73,0.904,0.61,us,us6000jlrb,2023-02-06T13:22:26.040Z,"12 km NE of Nurhak, Turkey",earthquake,3.42,1.866,0.073,58,reviewed,us,us
2023-02-06T11:51:21.916Z,38.0348,37.6784,15.908,4.5,mb,52,98,0.938,0.54,us,us6000jm76,2023-02-07T09:11:13.040Z,"17 km WSW of Do?an?ehir, Turkey",earthquake,5.11,4.392,0.096,32,reviewed,us,us
2023-02-06T11:50:05.703Z,37.9577,36.3019,10,4.5,mb,47,82,0.962,0.66,us,us6000jlra,2023-02-07T09:01:52.040Z,"Central Turkey",earthquake,4.38,1.512,0.106,26,reviewed,us,us
2023-02-06T11:39:41.423Z,38.0562,36.5829,10,4.8,mb,54,48,0.982,0.6,us,us6000jlr7,2023-02-06T14:14:34.040Z,"8 km ENE of Göksun, Turkey",earthquake,4.99,1.868,0.08,48,reviewed,us,us
2023-02-06T11:35:29.956Z,37.9614,37.3495,16.888,4.5,mb,78,64,0.796,0.48,us,us6000jlr9,2023-02-07T08:46:04.397Z,"7 km W of Nurhak, Turkey",earthquake,4.43,4.422,0.079,47,reviewed,us,us
2023-02-06T11:28:01.748Z,37.9576,38.2435,15.558,4.3,mb,41,119,1.136,0.47,us,us6000jlr0,2023-02-07T06:10:59.040Z,"7 km S of Çelikhan, Turkey",earthquake,2.89,4.891,0.123,19,reviewed,us,us
2023-02-06T11:11:41.258Z,37.82,37.2952,17.971,4.9,mb,65,74,0.65,0.83,us,us6000jlqx,2023-02-06T18:17:14.832Z,"8 km N of Ça?layancerit, Turkey",earthquake,5.77,4.455,0.082,47,reviewed,us,us
2023-02-06T11:05:35.742Z,37.9231,36.6909,10,5.2,mb,55,134,1.14,0.89,us,us6000jlqr,2023-02-06T18:18:05.114Z,"Central Turkey",earthquake,6.76,1.706,0.087,43,reviewed,us,us
2023-02-06T11:01:34.428Z,37.4806,37.2218,10,5,mb,27,239,1.746,0.78,us,us6000jlqy,2023-02-06T18:10:00.466Z,"6 km W of Pazarc?k, Turkey",earthquake,14.65,1.982,0.15,14,reviewed,us,us
2023-02-06T10:51:30.942Z,38.1236,38.0529,12.336,5.7,mb,88,69,1.162,0.97,us,us6000jlql,2023-02-08T06:06:26.219Z,"16 km ENE of Do?an?ehir, Turkey",earthquake,5.65,4.266,0.051,139,reviewed,us,us
2023-02-06T10:35:58.653Z,38.0084,37.7505,10,5.8,mb,67,67,0.939,0.88,us,us6000jlqe,2023-02-07T10:41:46.479Z,"13 km SW of Do?an?ehir, Turkey",earthquake,4.9,1.844,0.057,112,reviewed,us,us
2023-02-06T10:26:48.486Z,38.0302,37.9636,20.094,6,mb,59,63,1.045,0.62,us,us6000jm1y,2023-02-11T19:40:16.234Z,"Central Turkey",earthquake,2.91,4.649,0.084,53,reviewed,us,us
2023-02-06T10:24:49.258Z,38.0235,37.203,10,7.5,mww,135,17,0.85,0.93,us,us6000jlqa,2023-02-16T22:01:55.501Z,"4 km SSE of Ekinözü, Turkey",earthquake,4.94,1.824,0.041,58,reviewed,us,us
2023-02-06T09:36:16.401Z,37.1957,36.8183,10,4.3,mb,28,143,0.313,0.97,us,us6000jlq5,2023-02-06T10:41:01.284Z,"Central Turkey",earthquake,6.32,1.948,0.147,13,reviewed,us,us
2023-02-06T09:23:45.706Z,36.9839,36.4927,10,4.6,mb,54,78,0.603,0.84,us,us6000jlq1,2023-02-06T09:49:42.040Z,"Turkey-Syria border region",earthquake,5.61,1.882,0.086,40,reviewed,us,us
2023-02-06T09:21:02.855Z,37.9691,38.099,14.828,4.4,mb,34,144,1.976,0.78,us,us6000jlq2,2023-02-13T10:31:33.040Z,"eastern Turkey",earthquake,6.52,4.729,0.131,17,reviewed,us,us
2023-02-06T08:58:35.484Z,38.054,38.2569,15.265,4.5,mb,62,98,1.211,0.57,us,us6000jlpx,2023-02-06T14:34:04.040Z,"3 km NNE of Çelikhan, Turkey",earthquake,5.46,4.57,0.084,42,reviewed,us,us
2023-02-06T08:52:37.335Z,37.449,37.2334,10,4.8,mb,58,61,0.277,0.78,us,us6000jlpv,2023-02-06T09:31:48.040Z,"7 km SW of Pazarc?k, Turkey",earthquake,7.54,1.884,0.072,60,reviewed,us,us
2023-02-06T08:01:46.065Z,36.6629,36.477,10,4.5,mb,54,81,0.777,0.71,us,us6000jlpp,2023-02-06T10:38:08.040Z,"14 km SSW of A?a?? Karafak?l?, Turkey",earthquake,3.28,1.904,0.093,34,reviewed,us,us
2023-02-06T07:41:14.045Z,37.8608,38.086,10,4.6,mb,38,100,0.979,0.44,us,us6000jlpi,2023-02-09T08:19:35.040Z,"16 km ENE of Tut, Turkey",earthquake,4.25,1.695,0.114,23,reviewed,us,us
2023-02-06T07:08:31.825Z,36.7072,36.6722,13.429,4.6,mb,61,157,0.633,0.5,us,us6000jlpb,2023-02-06T22:24:05.795Z,"12 km SE of A?a?? Karafak?l?, Turkey",earthquake,3.82,5.269,0.105,27,reviewed,us,us
2023-02-06T06:54:57.488Z,37.6414,37.3835,10,4.8,mb,85,69,0.489,0.55,us,us6000jlp9,2023-02-06T07:16:55.040Z,"",earthquake,8.95,1.871,0.065,74,reviewed,us,us
2023-02-06T06:26:29.533Z,37.483,37.1811,10,4.6,mb,50,99,0.311,0.64,us,us6000jlsg,2023-02-06T15:34:10.040Z,"10 km W of Pazarc?k, Turkey",earthquake,5.34,1.915,0.095,33,reviewed,us,us
2023-02-06T06:26:10.752Z,36.5684,36.0133,10,4.6,mb,32,97,1.133,0.55,us,us6000jlp5,2023-02-06T10:49:17.040Z,"14 km W of ?skenderun, Turkey",earthquake,10.03,1.921,0.107,26,reviewed,us,us
2023-02-06T05:55:51.598Z,37.9912,38.4376,16.542,4.5,mb,51,104,1.273,0.58,us,us6000jlp1,2023-02-06T06:13:26.040Z,"16 km WSW of Sincik, Turkey",earthquake,4.74,4.727,0.093,34,reviewed,us,us
2023-02-06T05:36:33.996Z,36.3185,36.2325,10.617,4.6,mb,57,133,1.158,0.53,us,us6000jlp0,2023-02-06T05:56:51.040Z,"3 km E of Anayaz?, Turkey",earthquake,7.53,5.353,0.081,45,reviewed,us,us
2023-02-06T05:31:23.531Z,38.1466,37.9304,10,4.4,mb,37,85,1.129,0.92,us,us6000jlnz,2023-02-06T16:08:17.040Z,"8 km NE of Do?an?ehir, Turkey",earthquake,3.07,1.91,0.118,21,reviewed,us,us
2023-02-06T05:22:50.001Z,37.7548,37.9481,10,4.4,mb,35,101,0.827,0.65,us,us6000jlnx,2023-02-06T15:52:05.040Z,"5 km SSE of Tut, Turkey",earthquake,3.34,1.912,0.11,24,reviewed,us,us
2023-02-06T05:01:51.307Z,37.7637,37.9099,20.234,4.6,mb,52,99,0.812,0.63,us,us6000jlnv,2023-02-06T05:49:30.040Z,"Central Turkey",earthquake,5.84,5.119,0.073,56,reviewed,us,us
2023-02-06T04:56:05.209Z,37.4399,37.1504,15.136,4.6,mb,58,71,0.271,0.88,us,us6000jlnu,2023-02-07T00:26:00.040Z,"14 km WSW of Pazarc?k, Turkey",earthquake,6.65,5.128,0.083,43,reviewed,us,us
2023-02-06T04:47:57.486Z,36.7445,36.4537,10,4.4,mb,48,148,0.741,1.13,us,us6000jlns,2023-02-06T05:09:29.040Z,"8 km SW of Hassa, Turkey",earthquake,3.53,1.92,0.106,26,reviewed,us,us
2023-02-06T04:39:47.705Z,37.8053,37.4694,14.865,4.3,mb,42,97,0.665,0.76,us,us6000jlnq,2023-02-06T06:34:43.040Z,"14 km W of Gölba??, Turkey",earthquake,2.98,5.708,0.105,26,reviewed,us,us
2023-02-06T04:18:46.788Z,38.2034,38.5363,14.464,5,mb,95,44,1.472,0.86,us,us6000jlnf,2023-02-06T19:50:36.936Z,"eastern Turkey",earthquake,6.57,4.287,0.057,99,reviewed,us,us
2023-02-06T04:16:49.487Z,37.5032,37.3323,13.215,4.5,mb,57,74,0.345,0.76,us,us6000jlnd,2023-02-06T04:39:00.585Z,"3 km ENE of Pazarc?k, Turkey",earthquake,5.37,5.371,0.093,34,reviewed,us,us
2023-02-06T04:14:19.101Z,38.2387,38.581,16.715,4.4,mb,42,183,2.319,0.99,us,us6000jlne,2023-02-06T06:16:55.040Z,"22 km N of Sincik, Turkey",earthquake,8.94,6.142,0.101,28,reviewed,us,us
2023-02-06T04:07:23.021Z,51.0729,179.413,3.5,2.9,ml,,,,0.4,ak,ak0231p9b4n8,2023-02-15T21:55:31.076Z,"288 km WSW of Adak, Alaska",earthquake,,0.3,,,reviewed,ak,ak
2023-02-06T04:04:23.657Z,37.7879,37.4088,14.137,4.3,mb,39,106,0.635,0.58,us,us6000jlnc,2023-02-06T04:20:28.040Z,"11 km ENE of Ça?layancerit, Turkey",earthquake,6.11,5.858,0.109,24,reviewed,us,us
2023-02-06T03:45:48.563Z,38.1983,38.5977,15.415,4.8,mb,97,66,1.504,0.75,us,us6000jln9,2023-02-06T04:33:27.159Z,"18 km N of Sincik, Turkey",earthquake,5.44,4.074,0.07,63,reviewed,us,us
2023-02-06T03:32:15.796Z,26.4267,125.9658,126.894,4.2,mb,23,84,2.105,0.6,us,us6000jln4,2023-02-06T03:54:08.040Z,"173 km W of Naha, Japan",earthquake,3.73,10.47,0.215,6,reviewed,us,us
2023-02-06T03:28:46.802Z,38.0757,38.5607,15.951,4.4,mb,26,145,1.402,0.58,us,us6000jln5,2023-02-06T04:23:56.040Z,"6 km NW of Sincik, Turkey",earthquake,5.98,5.029,0.149,13,reviewed,us,us
2023-02-06T03:12:12.595Z,37.4711,37.3091,12.567,4.5,mb,52,79,3.561,0.99,us,us6000jln3,2023-02-06T06:07:10.575Z,"1 km SSE of Pazarc?k, Turkey",earthquake,9.53,4.642,0.083,42,reviewed,us,us
2023-02-06T03:10:21.025Z,37.7473,37.8035,21.433,4.4,mb,61,95,0.744,0.77,us,us6000jln6,2023-02-07T00:52:12.040Z,"7 km NW of Besni, Turkey",earthquake,5.14,4.493,0.08,45,reviewed,us,us
2023-02-06T03:04:45.466Z,38.1844,38.4761,17.922,4.7,mb,91,66,1.425,0.86,us,us6000jln0,2023-02-06T03:36:13.040Z,"20 km NW of Sincik, Turkey",earthquake,6.21,4.213,0.067,67,reviewed,us,us
2023-02-06T02:54:00.615Z,36.6379,36.3874,10,4.6,mb,87,72,0.848,1,us,us6000jlmv,2023-02-06T04:57:12.221Z,"15 km E of Denizciler, Turkey",earthquake,6.37,1.884,0.064,74,reviewed,us,us
2023-02-06T02:23:14.645Z,37.2035,36.9702,11.411,5.2,mb,107,36,0.194,0.81,us,us6000jlmn,2023-02-06T03:22:25.602Z,"21 km E of Nurda??, Turkey",earthquake,5.15,4.282,0.061,88,reviewed,us,us
2023-02-06T02:21:17.499Z,37.0893,36.6997,10,4.2,mb,27,102,0.416,0.89,us,us6000jmn5,2023-02-09T04:58:45.040Z,"Central Turkey",earthquake,5.1,1.917,0.118,20,reviewed,us,us
2023-02-06T02:17:40.302Z,37.0791,36.6898,10,4.8,mb,39,191,0.426,0.69,us,us6000jlmm,2023-02-06T02:51:13.040Z,"10 km SSW of Nurda??, Turkey",earthquake,3.45,1.957,0.1,31,reviewed,us,us
2023-02-06T02:16:04.118Z,36.876,36.6494,10,4.1,mb,14,210,0.537,0.63,us,us6000jmn3,2023-02-09T04:44:32.040Z,"13 km NE of A?a?? Karafak?l?, Turkey",earthquake,5.85,2,0.234,5,reviewed,us,us
2023-02-06T02:06:24.022Z,37.8592,38.1822,15.108,4.9,mb,85,67,1.034,0.9,us,us6000jmn0,2023-02-09T04:30:51.040Z,"13 km NW of Ad?yaman, Turkey",earthquake,4.63,4.395,0.069,67,reviewed,us,us
2023-02-06T02:03:36.258Z,37.7769,37.9199,10,5.5,mb,64,45,0.827,0.8,us,us6000jlmh,2023-02-07T02:09:13.772Z,"2 km S of Tut, Turkey",earthquake,5.18,1.806,0.055,114,reviewed,us,us
2023-02-06T02:01:45.663Z,37.3549,37.0939,10.358,4.8,mb,53,81,0.204,0.9,us,us6000jlmy,2023-02-06T03:14:00.040Z,"23 km SW of Pazarc?k, Turkey",earthquake,4.9,4.435,0.089,39,reviewed,us,us
2023-02-06T01:58:23.594Z,37.1023,36.6056,10,5.1,mb,65,121,0.488,0.72,us,us6000jlmf,2023-02-06T02:48:59.040Z,"6 km ESE of Hasanbeyli, Turkey",earthquake,6.15,1.867,0.072,62,reviewed,us,us
2023-02-06T01:51:43.437Z,37.4754,37.1529,7.008,4.7,mb,73,95,0.306,0.69,us,us6000jm4n,2023-02-15T06:08:55.040Z,"13 km W of Pazarc?k, Turkey",earthquake,5.38,4.384,0.08,47,reviewed,us,us
2023-02-06T01:50:10.120Z,38.2291,38.7493,14.835,4.8,mb,76,112,2.359,0.66,us,us6000jns9,2023-02-15T06:02:49.040Z,"24 km NNE of Sincik, Turkey",earthquake,6.99,4.674,0.094,35,reviewed,us,us
2023-02-06T01:48:12.420Z,37.9874,38.1051,10,4.9,mb,56,96,1.081,1.03,us,us6000jlmd,2023-02-07T01:51:45.040Z,"12 km WSW of Çelikhan, Turkey",earthquake,6.23,1.9,0.09,39,reviewed,us,us
2023-02-06T01:41:15.229Z,37.9786,38.5121,14.415,4.6,mb,49,112,2.268,0.66,us,us6000jnvq,2023-02-15T05:46:57.040Z,"10 km SW of Sincik, Turkey",earthquake,5.02,5.113,0.119,21,reviewed,us,us
2023-02-06T01:36:27.357Z,36.9921,36.6832,10,5.6,mb,167,47,0.458,0.59,us,us6000jlm9,2023-02-15T04:12:06.711Z,"Turkey-Syria border region",earthquake,6.2,1.76,0.052,128,reviewed,us,us
2023-02-06T01:28:15.984Z,37.1784,36.9468,10.708,6.7,mww,192,19,0.21,0.57,us,us6000jlm1,2023-02-15T04:03:35.353Z,"Central Turkey",earthquake,8.97,3.408,0.098,10,reviewed,us,us
2023-02-06T01:26:50.760Z,37.2241,36.9749,10,5.7,mb,97,75,0.194,1.33,us,us6000jlnn,2023-02-15T03:13:13.851Z,"",earthquake,5.4,1.828,0.072,69,reviewed,us,us
2023-02-06T01:17:35.525Z,37.1662,37.0421,17.943,7.8,mww,216,17,0.134,0.67,us,us6000jllz,2023-02-16T22:06:20.211Z,"27 km E of Nurda??, Turkey",earthquake,6.27,3.278,0.05,38,reviewed,us,us
2023-02-05T21:58:49.467Z,27.208,143.4892,10,4.7,mb,41,137,10.329,0.77,us,us6000jllc,2023-02-05T22:56:47.040Z,"",earthquake,12.32,1.901,0.078,50,reviewed,us,us
2023-02-05T21:40:40.408Z,18.3847,145.3101,538.6,4.3,mb,57,75,4.787,0.36,us,us6000jll6,2023-02-05T22:17:07.040Z,"Pagan region, Northern Mariana Islands",earthquake,12.48,8.017,0.048,122,reviewed,us,us
2023-02-05T12:58:22.835Z,48.9436,157.3246,48.287,4.5,mb,45,136,4.17,0.33,us,us6000jljv,2023-02-05T13:17:08.040Z,"211 km SSE of Severo-Kuril’sk, Russia",earthquake,9.95,7.22,0.091,36,reviewed,us,us
2023-02-05T02:09:43.699Z,32.7725,141.7512,10,4.4,mb,22,140,1.665,0.88,us,us6000jn3j,2023-02-11T00:55:13.040Z,"294 km SSE of Katsuura, Japan",earthquake,8.43,1.928,0.202,7,reviewed,us,us
2023-02-05T01:14:22.508Z,55.8678,162.6442,54.278,4.8,mb,61,112,3.682,0.92,us,us6000jlhk,2023-02-05T01:33:29.040Z,"41 km SSE of Ust’-Kamchatsk Staryy, Russia",earthquake,9.33,7.129,0.048,136,reviewed,us,us
2023-02-05T00:03:19.589Z,32.6723,141.7624,10,5.8,mww,176,72,1.698,0.85,us,us6000jlh9,2023-02-06T00:10:18.635Z,"Izu Islands, Japan region",earthquake,6.05,1.813,0.058,29,reviewed,us,us
2023-02-04T21:24:55.530Z,37.2442,71.4366,151.861,4.3,mb,29,75,2.248,0.66,us,us6000jlgk,2023-02-05T21:46:55.988Z,"29 km SSW of Khorugh, Tajikistan",earthquake,5.85,14.572,0.216,6,reviewed,us,us
2023-02-04T16:40:40.024Z,22.8501,144.0089,40.137,4.5,mb,33,122,9.247,0.78,us,us6000jlf8,2023-02-04T18:33:01.040Z,"Volcano Islands, Japan region",earthquake,13.41,8.136,0.076,51,reviewed,us,us
2023-02-04T12:23:26.144Z,37.4308,72.719,57.398,4.7,mb,52,65,2.167,0.51,us,us6000jldt,2023-02-04T12:48:59.040Z,"64 km NE of Khand?d, Afghanistan",earthquake,6.35,7.817,0.071,61,reviewed,us,us
2023-02-04T10:47:31.230Z,36.3676,71.0578,159.642,4.1,mb,21,86,2.455,0.37,us,us6000jldc,2023-02-04T11:17:14.040Z,"55 km SW of Ashk?sham, Afghanistan",earthquake,7.19,15.039,0.261,4,reviewed,us,us
2023-02-04T07:34:41.429Z,22.7357,95.9238,10,4.2,mb,25,127,2.213,0.61,us,us6000jlcr,2023-02-15T13:07:31.040Z,"29 km NE of Shwebo, Myanmar",earthquake,5.42,1.92,0.153,12,reviewed,us,us
2023-02-04T06:04:14.851Z,34.9107,14.2405,10,4.7,mb,55,101,4.085,0.51,us,us6000jlch,2023-02-15T12:58:43.824Z,"central Mediterranean Sea",earthquake,4.72,1.802,0.092,36,reviewed,us,us
2023-02-04T03:37:21.492Z,36.664,71.2662,219.586,4.2,mb,27,136,2.84,0.52,us,us6000jlbv,2023-02-04T03:52:13.040Z,"23 km W of Ashk?sham, Afghanistan",earthquake,7.01,10.243,0.176,9,reviewed,us,us
2023-02-04T02:45:46.062Z,34.3437,45.7045,10,4.7,mb,50,67,3.414,0.69,us,us6000jlbp,2023-02-04T10:42:19.958Z,"Iran-Iraq border region",earthquake,8.61,1.777,0.06,83,reviewed,us,us
2023-02-04T01:51:22.697Z,21.4639,144.0206,133.188,4.4,mb,27,122,5.851,0.93,us,us6000jn1l,2023-02-10T22:55:39.040Z,"Mariana Islands region",earthquake,13.18,7.949,0.138,15,reviewed,us,us
2023-02-04T00:55:00.595Z,51.2966,178.9579,36.4,2.5,ml,,,,0.31,ak,ak0231lw4tkc,2023-02-14T23:18:44.728Z,"",earthquake,,0.9,,,reviewed,ak,ak
2023-02-03T21:22:52.552Z,36.4123,70.7751,199.36,4.3,mb,56,82,3.166,0.64,us,us6000jl9j,2023-02-03T22:01:46.040Z,"50 km S of Jurm, Afghanistan",earthquake,7.2,7.682,0.08,44,reviewed,us,us
2023-02-03T12:44:14.853Z,36.7689,21.6393,29.528,4.2,mb,43,185,0.469,0.58,us,us6000jl5y,2023-02-13T06:02:38.040Z,"8 km SW of Methóni, Greece",earthquake,8.15,4.144,0.137,15,reviewed,us,us
2023-02-03T12:14:40.692Z,37.0695,96.9059,10,5,mb,78,43,12.445,0.49,us,us6000jl5u,2023-02-13T05:55:05.040Z,"northern Qinghai, China",earthquake,8.47,1.847,0.048,139,reviewed,us,us
2023-02-03T12:04:19.597Z,37.0312,96.9146,10,5,mww,110,32,12.424,0.43,us,us6000jl5t,2023-02-13T05:51:46.795Z,"northern Qinghai, China",earthquake,8.14,1.84,0.08,15,reviewed,us,us
2023-02-03T11:05:09.361Z,37.2003,36.4998,10,4.2,mb,39,137,0.568,0.64,us,us6000jl5l,2023-02-12T07:23:30.040Z,"Central Turkey",earthquake,4.01,1.924,0.132,16,reviewed,us,us
2023-02-02T23:32:44.208Z,51.4707,179.4911,60,2.7,ml,,,,0.46,ak,ak0231iymdj8,2023-02-13T22:55:03.110Z,"271 km W of Adak, Alaska",earthquake,,0.9,,,reviewed,ak,ak
2023-02-02T10:39:55.261Z,26.6426,129.5647,14.839,4.3,mb,31,90,1.171,1.02,us,us6000jms1,2023-02-10T09:35:13.040Z,"157 km E of Nago, Japan",earthquake,4.95,4.842,0.177,9,reviewed,us,us
2023-02-02T05:54:34.708Z,51.6836,178.7375,70.9,2.8,ml,,,,0.55,ak,ak0231io19pv,2023-02-13T15:30:40.717Z,"Rat Islands, Aleutian Islands, Alaska",earthquake,,0.8,,,reviewed,ak,ak
2023-02-02T03:44:27.121Z,26.9957,65.8887,38.231,4,mb,19,117,8.951,0.63,us,us6000jkwt,2023-02-03T01:28:35.040Z,"95 km NNW of Bela, Pakistan",earthquake,10.37,8.574,0.163,10,reviewed,us,us
2023-02-02T02:57:19.004Z,43.3834,146.0437,94.835,4.4,mb,40,179,2.529,0.38,us,us6000jkwl,2023-02-02T04:53:50.040Z,"38 km E of Nemuro, Japan",earthquake,11.81,9.38,0.098,30,reviewed,us,us
2023-02-02T02:08:25.426Z,40.9772,78.6583,17.625,4.3,mb,28,150,0.989,0.86,us,us6000jkwe,2023-02-03T01:04:04.040Z,"124 km W of Aykol, China",earthquake,7.62,6.556,0.133,16,reviewed,us,us
2023-02-02T01:04:51.682Z,19.9884,94.1371,35,4.5,mb,25,163,1.894,0.71,us,us6000jkwa,2023-02-03T00:38:31.040Z,"Myanmar",earthquake,4.62,1.973,0.139,15,reviewed,us,us
2023-02-01T22:23:48.938Z,50.1742,179.6336,29.2,3,ml,,,,0.66,ak,ak0231hafocq,2023-02-16T01:33:01.662Z,"Rat Islands, Aleutian Islands, Alaska",earthquake,,17.8,,,reviewed,ak,ak
2023-02-01T17:55:30.941Z,18.6718,145.4838,328.722,3.9,mb,33,127,18.92,0.84,us,us6000jmie,2023-02-09T19:35:54.040Z,"Pagan region, Northern Mariana Islands",earthquake,15.78,3.769,0.107,23,reviewed,us,us
2023-02-01T14:29:54.434Z,36.2134,68.7622,68.989,4,mb,15,116,1.685,0.21,us,us6000jkru,2023-02-08T08:27:13.040Z,"10 km NNE of Baghl?n, Afghanistan",earthquake,9.56,8.149,0.157,11,reviewed,us,us
2023-02-01T10:53:21.381Z,40.1361,22.8003,15.031,4.6,mb,41,61,1.17,0.77,us,us6000jkpt,2023-02-15T06:09:54.136Z,"22 km ENE of Leptokaryá, Greece",earthquake,3.97,4.566,0.223,6,reviewed,us,us
2023-01-31T13:52:05.961Z,51.6262,178.6652,73.436,3.1,ml,22,171,0.335,0.38,us,us6000jn0b,2023-02-14T18:07:13.040Z,"Rat Islands, Aleutian Islands, Alaska",earthquake,12.9,15.423,,,reviewed,us,ak
2023-01-31T13:04:59.899Z,52.0084,178.4763,119.87,3.1,ml,19,161,0.046,0.45,us,us6000jmae,2023-02-14T17:31:28.040Z,"",earthquake,15.12,5.012,0.091,16,reviewed,us,us
2023-01-31T08:49:57.551Z,19.8499,121.3855,21.758,4.6,mb,48,68,2.967,0.56,us,us6000jkhu,2023-02-02T04:52:06.376Z,"Babuyan Islands region, Philippines",earthquake,9.25,5.459,0.088,39,reviewed,us,us
2023-01-31T05:25:36.821Z,50.1156,142.4599,10,4.5,mb,77,109,3.166,0.37,us,us6000jkh7,2023-02-12T06:27:23.040Z,"49 km NNW of Smirnykh, Russia",earthquake,8.58,1.859,0.061,77,reviewed,us,us
2023-01-31T04:49:05.673Z,24.5762,94.4176,64.505,4.6,mb,63,77,4.494,0.77,us,us6000jkh1,2023-02-01T02:32:43.391Z,"35 km E of W?ngjing, India",earthquake,8.77,4.391,0.054,101,reviewed,us,us
2023-01-31T04:13:04.960Z,38.5432,44.878,10,4,mb,26,82,1.447,0.7,us,us6000jkgv,2023-02-06T13:53:38.768Z,"6 km W of Khowy, Iran",earthquake,5.64,1.89,0.156,11,reviewed,us,us
2023-01-31T00:43:16.360Z,34.8399,14.2541,10,4.6,mb,91,77,5.293,0.64,us,us6000jkfs,2023-02-01T19:18:42.728Z,"111 km S of ?urrieq, Malta",earthquake,8.74,1.878,0.059,85,reviewed,us,us
2023-01-30T19:55:25.578Z,34.9149,14.2785,9.264,5.3,mww,135,35,2.55,0.67,us,us6000jkea,2023-02-13T21:19:59.960Z,"103 km S of ?urrieq, Malta",earthquake,5.23,3.242,0.039,62,reviewed,us,us
2023-01-30T19:15:43.959Z,37.8418,142.1019,29.746,4.5,mb,66,135,3.052,1.02,us,us6000jke4,2023-02-13T20:53:54.041Z,"94 km SE of Ishinomaki, Japan",earthquake,7.96,5.687,0.099,30,reviewed,us,us
2023-01-30T17:07:44.524Z,35.7547,79.8515,10,5,mww,138,38,6.176,0.91,us,us6000jkdb,2023-02-13T20:19:06.040Z,"150 km S of Hotan, China",earthquake,6.58,1.616,0.098,10,reviewed,us,us
2023-01-30T10:25:12.740Z,23.2239,123.9085,10,5.1,mb,72,84,1.485,1.12,us,us6000jkac,2023-01-30T14:05:33.040Z,"southwestern Ryukyu Islands, Japan",earthquake,7.22,1.802,0.048,143,reviewed,us,us
2023-01-30T01:02:31.970Z,34.8411,14.3119,10,4.2,mb,46,116,2.623,0.89,us,us6000jk8a,2023-02-16T00:25:37.040Z,"110 km S of ?urrieq, Malta",earthquake,8.7,1.875,0.089,35,reviewed,us,us
2023-01-30T00:32:10.301Z,36.3618,139.8797,79.539,4.3,mb,33,93,1.359,0.59,us,us6000jk87,2023-02-16T23:36:35.040Z,"6 km N of Y?ki, Japan",earthquake,6.65,7.853,0.201,7,reviewed,us,us
2023-01-29T23:49:38.212Z,40.0166,82.3702,28,5.7,mww,132,21,3.861,0.52,us,us6000jk82,2023-02-15T05:39:54.884Z,"110 km ESE of Aral, China",earthquake,7.11,1.786,0.078,16,reviewed,us,us
2023-01-29T22:17:34.028Z,43.2091,136.129,348.535,3.9,mb,73,41,3.161,0.5,us,us6000jk7l,2023-02-15T04:41:17.040Z,"90 km SE of Ol’ga, Russia",earthquake,8.07,6.774,0.057,81,reviewed,us,us
2023-01-29T22:05:21.293Z,60.0856,156.3615,10,4.1,mb,37,95,2.869,0.3,us,us6000jmxq,2023-02-15T04:20:45.040Z,"231 km WNW of Palana, Russia",earthquake,7.39,1.855,0.123,18,reviewed,us,us
2023-01-29T22:00:19.418Z,38.5153,44.8139,10,4.2,mb,59,126,1.394,0.64,us,us6000jk7j,2023-02-15T04:10:43.040Z,"12 km WSW of Khowy, Iran",earthquake,6.37,1.871,0.105,25,reviewed,us,us
2023-01-29T16:38:48.697Z,38.573,44.5857,10,4.1,mb,17,179,1.227,1.22,us,us6000jk6h,2023-01-29T17:38:15.040Z,"32 km W of Khowy, Iran",earthquake,8.94,1.923,0.13,16,reviewed,us,us
2023-01-29T16:12:38.696Z,35.7754,35.7382,10,4.3,mb,27,132,1.83,1.18,us,us6000jk69,2023-01-29T19:57:39.912Z,"27 km N of Latakia, Syria",earthquake,5.77,1.952,0.119,20,reviewed,us,us
2023-01-29T15:13:24.819Z,38.41,44.8049,10,4.5,mb,35,152,1.376,0.96,us,us6000jk61,2023-01-29T17:12:30.040Z,"20 km SW of Khowy, Iran",earthquake,8.16,1.937,0.077,50,reviewed,us,us
2023-01-29T14:41:14.634Z,38.5096,44.7975,10,4.7,mb,32,146,1.38,1.07,us,us6000jk5x,2023-01-29T17:05:44.040Z,"14 km WSW of Khowy, Iran",earthquake,6.5,1.92,0.072,59,reviewed,us,us
2023-01-29T12:19:47.177Z,35.3532,139.2937,146.936,4.7,mb,96,117,1.134,0.82,us,us6000jk5m,2023-02-12T06:12:23.519Z,"4 km NNW of ?iso, Japan",earthquake,6.01,5.769,0.034,263,reviewed,us,us
2023-01-29T07:54:47.324Z,33.5209,72.9093,32.385,4.4,mb,33,177,0.327,0.49,us,us6000jk4q,2023-01-29T17:13:36.642Z,"15 km WSW of Rawalpindi, Pakistan",earthquake,11.02,6.721,0.138,15,reviewed,us,us
2023-01-29T05:09:11.837Z,37.5536,20.9672,33.923,4.3,mb,69,67,0.85,0.54,us,us6000jk3z,2023-01-29T05:56:36.667Z,"22 km SSE of Lithakiá, Greece",earthquake,6.8,5.39,0.099,29,reviewed,us,us
2023-01-29T03:48:10.405Z,38.6464,44.8532,10,4.1,mb,17,127,1.502,0.79,us,us6000jk3l,2023-01-29T04:10:42.040Z,"13 km NW of Khowy, Iran",earthquake,8.22,1.956,0.175,9,reviewed,us,us
2023-01-28T22:59:48.937Z,30.0471,142.1496,10,4.4,mb,64,67,2.941,0.52,us,us6000jmwk,2023-02-13T22:18:22.040Z,"Izu Islands, Japan region",earthquake,8.12,1.811,0.083,42,reviewed,us,us
2023-01-28T20:09:59.211Z,38.6005,44.8287,10,4.5,mb,46,128,1.419,0.73,us,us6000jk1j,2023-02-17T00:50:46.040Z,"12 km WNW of Khowy, Iran",earthquake,6.48,1.851,0.086,39,reviewed,us,us
2023-01-28T18:14:45.863Z,38.4239,44.9091,16,5.9,mww,235,31,1.459,0.75,us,us6000jk0t,2023-02-04T04:28:47.132Z,"14 km SSW of Khowy, Iran",earthquake,4.81,1.793,0.045,48,reviewed,us,us
2023-01-28T17:35:55.248Z,52.2371,157.3806,140.436,4.7,mb,46,137,0.894,0.75,us,us6000jk0q,2023-01-28T18:05:42.040Z,"",earthquake,9.72,6.219,0.037,223,reviewed,us,us
2023-01-28T13:53:09.671Z,33.5453,45.6996,10,4.6,mb,40,112,4.04,0.63,us,us6000jjzp,2023-01-28T16:32:27.040Z,"26 km SSE of Mandal?, Iraq",earthquake,10.05,1.798,0.07,62,reviewed,us,us
2023-01-28T05:32:50.156Z,44.2129,12.3668,6.196,4.2,mwr,75,32,0.956,0.67,us,us6000jjxr,2023-02-11T06:32:59.703Z,"2 km WNW of Cesenatico, Italy",earthquake,1.82,5.09,0.062,25,reviewed,us,us
2023-01-28T04:08:56.266Z,18.959,145.3201,235.314,4,mb,30,132,5.357,0.56,us,us6000jmvv,2023-02-10T03:43:59.040Z,"Pagan region, Northern Mariana Islands",earthquake,12.04,9.313,0.144,13,reviewed,us,us
2023-01-28T01:08:04.554Z,36.4986,71.3233,92.65,4.3,mb,21,108,2.697,0.65,us,us6000jjw9,2023-02-17T00:14:32.040Z,"Afghanistan-Tajikistan-Pakistan region",earthquake,5.52,15.325,0.187,8,reviewed,us,us
2023-01-27T23:55:09.428Z,51.7311,178.3697,74.081,3.2,ml,18,171,0.235,0.33,us,us6000jn0u,2023-02-14T06:23:03.040Z,"Rat Islands, Aleutian Islands, Alaska",earthquake,5.75,5.423,0.091,16,reviewed,us,us
2023-01-27T20:43:55.136Z,50.1015,156.3272,72.231,4.4,mb,105,84,3.13,0.66,us,us6000jjtx,2023-01-28T17:47:38.040Z,"65 km SSE of Severo-Kuril’sk, Russia",earthquake,9.79,6.99,0.06,90,reviewed,us,us
2023-01-27T19:06:14.481Z,39.6384,74.8084,43.917,4.4,mb,60,50,1.544,0.97,us,us6000jjt4,2023-01-27T22:28:41.040Z,"103 km W of Kashgar, China",earthquake,5.81,6.795,0.091,39,reviewed,us,us
2023-01-27T09:36:37.331Z,30.5496,50.3913,10,4.4,mb,62,80,7.594,0.57,us,us6000jjmx,2023-01-27T11:10:06.040Z,"",earthquake,8.75,1.875,0.086,39,reviewed,us,us
2023-01-27T09:02:10.633Z,51.712,179.9702,10,2.8,ml,12,147,0.264,0.31,us,us6000jjv5,2023-02-11T01:45:15.592Z,"Rat Islands, Aleutian Islands, Alaska",earthquake,1.57,1.984,0.105,12,reviewed,us,us
2023-01-27T06:19:30.469Z,29.3398,51.2867,10,4,mb,17,91,6.192,0.51,us,us6000jm0s,2023-02-09T07:53:04.040Z,"10 km NE of Bor?zj?n, Iran",earthquake,8.03,1.882,0.232,5,reviewed,us,us
2023-01-27T06:03:43.600Z,37.8662,141.6833,59.34,4.2,mb,32,145,2.959,1.17,us,us6000jjm9,2023-02-09T07:43:11.040Z,"69 km SSE of Ishinomaki, Japan",earthquake,9.37,5.595,0.153,12,reviewed,us,us
2023-01-27T04:31:50.268Z,48.1713,154.6661,40.397,4.3,mb,25,138,5.306,0.57,us,us6000jltp,2023-02-07T23:28:33.040Z,"297 km SSW of Severo-Kuril’sk, Russia",earthquake,10.71,8.479,0.201,7,reviewed,us,us
2023-01-27T00:10:43.170Z,41.433,77.4528,10,4.6,mb,55,74,0.397,0.5,us,us6000jjkp,2023-02-14T05:55:21.488Z,"81 km SSE of Kadzhi-Say, Kyrgyzstan",earthquake,4.74,1.867,0.103,28,reviewed,us,us
2023-01-26T23:38:14.307Z,36.6217,67.6255,10,4,mb,27,129,2.311,0.71,us,us6000jjkl,2023-02-14T05:43:31.040Z,"Central Afghanistan",earthquake,7.61,1.973,0.211,6,reviewed,us,us
2023-01-26T21:41:29.835Z,53.0142,159.5412,58.815,4.3,mb,21,197,0.539,0.41,us,us6000jm0a,2023-02-14T06:09:45.040Z,"61 km E of Petropavlovsk-Kamchatsky, Russia",earthquake,15.3,9.642,0.2,7,reviewed,us,us
2023-01-26T16:04:56.294Z,30.5315,137.5483,480.991,4.5,mb,141,44,3.218,0.51,us,us6000jjgm,2023-01-26T16:27:07.040Z,"Izu Islands, Japan region",earthquake,9.43,7.3,0.05,118,reviewed,us,us
2023-01-26T13:56:50.123Z,23.2115,123.3863,10,4.9,mb,47,108,1.296,0.99,us,us6000jjfs,2023-01-26T14:28:00.040Z,"144 km SSE of Yonakuni, Japan",earthquake,7.31,1.899,0.058,94,reviewed,us,us
2023-01-26T02:28:04.347Z,29.7988,102.472,48.201,4.3,mb,17,68,6.107,0.86,us,us6000jltw,2023-02-14T04:35:47.040Z,"54 km ESE of Kangding, China",earthquake,9.76,7.156,0.168,10,reviewed,us,us
2023-01-26T01:59:58.723Z,25.7328,90.4362,36.679,4,mb,16,162,5.049,0.68,us,us6000jltv,2023-02-14T03:17:52.040Z,"33 km NE of Tura, India",earthquake,11.33,10.031,0.15,12,reviewed,us,us
2023-01-26T01:41:56.597Z,36.0852,70.2338,125.544,4.1,mb,25,79,1.823,0.87,us,us6000jjb5,2023-02-14T00:58:33.040Z,"63 km SSE of Farkh?r, Afghanistan",earthquake,4.31,12.124,0.174,9,reviewed,us,us
2023-01-25T23:21:33.314Z,29.6904,102.0311,10,4.9,mb,135,28,6.5,0.64,us,us6000jjai,2023-02-09T00:20:20.040Z,"35 km SSE of Kangding, China",earthquake,7.1,1.848,0.056,100,reviewed,us,us
2023-01-25T22:27:31.357Z,20.211,146.2083,35,4.7,mb,91,101,14.06,0.52,us,us6000jja4,2023-02-15T04:36:51.040Z,"Mariana Islands region",earthquake,11.53,1.884,0.067,68,reviewed,us,us
2023-01-25T21:53:05.320Z,37.4946,72.2706,189.559,4,mb,35,124,2.014,0.33,us,us6000jj9h,2023-02-15T04:48:28.040Z,"60 km N of Khand?d, Afghanistan",earthquake,7.42,6.251,0.138,14,reviewed,us,us
2023-01-25T21:51:30.264Z,34.8025,14.2155,10.001,4.1,mb,41,80,2.663,0.87,us,us6000jlyt,2023-02-15T05:06:55.040Z,"116 km SSW of ?urrieq, Malta",earthquake,7.19,2.559,0.145,13,reviewed,us,us
2023-01-25T21:19:08.863Z,29.7831,102.0678,10,4.4,mb,65,76,6.458,0.59,us,us6000jj9c,2023-02-14T06:25:06.040Z,"Western Sichuan, China",earthquake,5.8,1.884,0.083,42,reviewed,us,us
2023-01-25T20:57:21.308Z,29.5809,102.1701,10,4.3,mb,38,77,6.395,0.8,us,us6000jj97,2023-02-09T15:55:42.040Z,"Western Sichuan, China",earthquake,6.87,1.882,0.116,21,reviewed,us,us
2023-01-25T20:51:10.100Z,29.6462,102.1105,10,4.4,mb,54,57,6.432,0.66,us,us6000jj94,2023-02-09T15:30:17.040Z,"42 km SSE of Kangding, China",earthquake,7.67,1.871,0.093,33,reviewed,us,us
2023-01-25T20:30:44.661Z,29.6184,102.0221,10,4.4,mb,31,76,6.517,1.12,us,us6000jj99,2023-02-09T15:05:36.040Z,"43 km S of Kangding, China",earthquake,10.37,1.903,0.134,16,reviewed,us,us
2023-01-25T19:49:44.478Z,29.729,101.9928,7,5.4,mww,127,20,6.529,0.83,us,us6000jj8s,2023-02-08T19:34:43.974Z,"30 km S of Kangding, China",earthquake,7.06,1.738,0.06,27,reviewed,us,us
2023-01-25T16:10:48.554Z,35.6956,80.0682,10,4.4,mb,65,102,5.962,0.51,us,us6000jlyc,2023-02-14T05:44:13.040Z,"157 km S of Hotan, China",earthquake,7.2,1.9,0.091,35,reviewed,us,us
2023-01-25T16:02:10.186Z,35.7331,79.8502,10,5,mww,206,32,5.806,0.5,us,us6000jj6p,2023-02-14T05:11:44.206Z,"152 km S of Hotan, China",earthquake,8.32,1.746,0.086,13,reviewed,us,us
2023-01-25T15:48:15.733Z,19.0481,144.6581,10,4.8,mb,71,38,17.506,0.5,us,us6000jlwu,2023-02-14T04:20:25.040Z,"Maug Islands region, Northern Mariana Islands",earthquake,12.55,1.839,0.081,47,reviewed,us,us
2023-01-25T13:48:26.826Z,44.9052,80.9957,10,4.1,mb,20,189,1.916,0.72,us,us6000jj63,2023-01-27T15:33:14.040Z,"Kazakhstan-Xinjiang border region",earthquake,5.16,1.991,0.369,2,reviewed,us,us
2023-01-25T13:13:38.222Z,41.2102,84.2142,10,4.6,mb,33,102,4.098,0.68,us,us6000jj5y,2023-01-27T15:08:46.040Z,"121 km ESE of Kuqa, China",earthquake,9.05,1.934,0.164,11,reviewed,us,us
2023-01-25T12:37:05.134Z,35.7086,28.4965,29.59,5.9,mww,163,34,0.589,0.64,us,us6000jj5k,2023-02-08T14:08:40.038Z,"60 km SE of Lárdos, Greece",earthquake,6.96,3.455,0.049,40,reviewed,us,us
2023-01-25T03:57:50.755Z,56.1588,114.1836,10,4,mb,26,51,3.628,0.33,us,us6000jj2v,2023-02-13T23:10:08.040Z,"47 km E of Severomuysk, Russia",earthquake,7.02,1.91,0.183,8,reviewed,us,us
2023-01-25T01:44:09.371Z,47.0284,154.2752,10,4.6,mb,16,169,6.472,0.44,us,us6000jlyy,2023-02-13T05:37:48.040Z,"",earthquake,13.19,1.965,0.164,11,reviewed,us,us
2023-01-25T01:12:51.970Z,34.8866,14.2409,10,4.1,mb,43,156,2.579,0.69,us,us6000jj2f,2023-02-13T03:28:58.155Z,"central Mediterranean Sea",earthquake,8.68,1.924,0.151,12,reviewed,us,us
2023-01-25T01:00:49.517Z,37.5889,141.6868,51.252,4.8,mwr,107,54,2.972,0.62,us,us6000jj1u,2023-02-13T03:15:47.380Z,"61 km E of Namie, Japan",earthquake,7.14,4.478,0.073,18,reviewed,us,us
2023-01-24T22:54:58.475Z,27.9386,139.4243,513.977,4.5,mb,158,56,2.591,0.5,us,us6000jj1l,2023-02-14T02:10:09.040Z,"Bonin Islands, Japan region",earthquake,10.1,5.492,0.048,129,reviewed,us,us
2023-01-24T22:10:34.707Z,34.6292,14.297,10.035,4,mb,16,208,2.834,0.54,us,us6000jlvt,2023-02-14T01:36:15.040Z,"134 km S of ?urrieq, Malta",earthquake,11.2,8.296,0.299,3,reviewed,us,us
2023-01-24T21:42:41.495Z,34.8739,14.1847,9.34,4,mb,26,207,4.049,0.49,us,us6000jlvs,2023-02-14T01:25:21.040Z,"109 km SSW of ?urrieq, Malta",earthquake,11.19,6.199,0.156,11,reviewed,us,us
2023-01-24T20:25:34.729Z,34.8994,14.3274,10,5.3,mww,127,70,5.221,0.57,us,us6000jj05,2023-01-30T20:27:36.641Z,"central Mediterranean Sea",earthquake,8.2,1.842,0.036,76,reviewed,us,us
2023-01-24T15:57:08.430Z,50.073,142.51,10,4.5,mb,95,102,3.121,0.61,us,us6000jixw,2023-02-09T22:11:48.040Z,"Sakhalin, Russia",earthquake,7.81,1.804,0.068,63,reviewed,us,us
2023-01-24T11:57:52.254Z,52.532,160.2688,35,4.4,mb,30,167,1.1,0.61,us,us6000jiw2,2023-01-24T12:22:09.040Z,"",earthquake,10.51,1.987,0.12,20,reviewed,us,us
2023-01-24T08:58:32.284Z,29.5974,81.6522,25.227,5.6,mb,105,39,3.655,0.64,us,us6000jivm,2023-01-27T04:20:40.414Z,"62 km NW of Jumla, Nepal",earthquake,7.92,4.58,0.036,266,reviewed,us,us
2023-01-24T05:59:29.165Z,35.1548,31.2583,10,4.1,mb,33,73,1.711,0.78,us,us6000jlus,2023-02-10T07:04:43.040Z,"Cyprus region",earthquake,6.22,1.926,0.174,9,reviewed,us,us
2023-01-24T02:11:36.855Z,45.8451,143.2251,332.784,4.1,mb,66,124,1.159,0.61,us,us6000jitp,2023-02-07T04:01:43.040Z,"94 km SSE of Korsakov, Russia",earthquake,9.01,6.123,0.045,133,reviewed,us,us
2023-01-23T13:42:02.771Z,24.8836,93.079,10,5.1,mb,110,42,2.561,0.91,us,us7000j6c8,2023-02-06T22:41:39.139Z,"12 km NE of Lakhipur, India",earthquake,6.02,1.551,0.042,184,reviewed,us,us
2023-01-23T10:37:52.930Z,35.0331,14.1929,10,5.1,mww,101,46,5.117,1.15,us,us7000j6bz,2023-01-24T21:04:27.493Z,"92 km SSW of Qrendi, Malta",earthquake,2.44,1.834,0.045,48,reviewed,us,us
2023-01-23T04:35:06.098Z,24.1693,125.2957,27.626,4.2,mwr,84,95,2.105,0.87,us,us7000j6b4,2023-02-09T06:04:24.040Z,"70 km S of Hirara, Japan",earthquake,7.67,5.737,0.062,25,reviewed,us,us
2023-01-23T02:59:43.591Z,23.4481,142.9353,44.85,5.2,mb,195,37,10.016,0.77,us,us7000j6at,2023-02-09T01:52:39.040Z,"Volcano Islands, Japan region",earthquake,9.38,4.916,0.046,157,reviewed,us,us
2023-01-22T22:08:26.786Z,38.5293,99.0858,11.284,4.2,mb,37,50,10.717,0.36,us,us7000j6a5,2023-01-30T23:21:47.040Z,"126 km WSW of Zhangye, China",earthquake,10.11,5.149,0.131,16,reviewed,us,us
2023-01-22T21:22:37.602Z,36.5949,70.8744,214.022,4.4,mb,20,97,2.536,0.73,us,us7000j6a0,2023-01-30T22:00:15.040Z,"30 km S of Jurm, Afghanistan",earthquake,8.11,10.761,0.311,3,reviewed,us,us
2023-01-22T13:16:21.809Z,42.5955,146.6294,22.831,4.4,mb,17,154,2.64,0.76,us,us7000j698,2023-02-03T17:33:38.040Z,"118 km SE of Nemuro, Japan",earthquake,10.93,6.492,0.241,7,reviewed,us,us
2023-01-22T07:03:21.769Z,38.2784,73.9512,159.555,4.1,mb,40,129,2.063,0.64,us,us7000j66s,2023-02-16T12:58:56.040Z,"12 km N of Murghob, Tajikistan",earthquake,7.24,8.247,0.127,18,reviewed,us,us
2023-01-22T05:40:19.304Z,37.3503,71.881,138.674,4.3,mb,24,80,2.125,0.48,us,us7000j66f,2023-02-16T14:05:16.040Z,"32 km ESE of Khorugh, Tajikistan",earthquake,3.65,11.951,0.265,4,reviewed,us,us
2023-01-22T04:46:46.879Z,38.8689,22.9378,10,4.6,mb,72,47,0.493,0.76,us,us7000j667,2023-02-16T23:14:45.979Z,"9 km W of Aidipsós, Greece",earthquake,3.26,1.818,0.098,31,reviewed,us,us
2023-01-22T03:25:47.266Z,19.0186,145.6631,126.302,4.1,mb,23,161,5.452,0.69,us,us6000jkb1,2023-02-02T03:08:10.040Z,"Maug Islands region, Northern Mariana Islands",earthquake,14.74,9.484,0.158,13,reviewed,us,us
2023-01-22T01:58:59.676Z,28.2639,130.0506,29.821,4.3,mb,27,125,2.125,0.74,us,us6000jkax,2023-02-02T01:56:49.040Z,"Ryukyu Islands, Japan",earthquake,6.95,5.959,0.177,9,reviewed,us,us
2023-01-21T13:31:57.963Z,34.7103,36.3823,10,4.3,mb,28,187,2.522,1.1,us,us7000j62n,2023-02-12T20:06:53.976Z,"12 km ENE of Tallkalakh, Syria",earthquake,7.85,1.939,0.187,8,reviewed,us,us
2023-01-21T13:26:03.753Z,18.3191,145.7963,153.639,4.8,mb,66,84,4.787,0.92,us,us7000j62k,2023-02-12T20:01:02.040Z,"",earthquake,11.1,7.374,0.038,220,reviewed,us,us
2023-01-21T11:14:29.784Z,37.1807,141.5525,44.118,4.3,mb,40,142,2.756,0.53,us,us7000j623,2023-02-15T13:13:38.040Z,"59 km SE of Namie, Japan",earthquake,8.02,4.348,0.107,28,reviewed,us,us
2023-01-20T18:05:41.219Z,37.7473,141.566,61.691,4.5,mb,148,98,2.94,0.56,us,us7000j5vu,2023-02-15T21:36:22.454Z,"57 km ENE of Namie, Japan",earthquake,7.32,6.008,0.051,122,reviewed,us,us
2023-01-20T16:41:12.155Z,44.943,148.0752,10.628,4.1,mb,14,175,4.006,0.38,us,us6000jjpe,2023-01-27T21:21:51.040Z,"35 km SSE of Kuril’sk, Russia",earthquake,11.43,5.225,0.233,5,reviewed,us,us
2023-01-20T12:41:42.991Z,34.4397,141.7096,10,4.3,mb,24,144,2.059,0.31,us,us7000j5t0,2023-02-05T06:22:04.040Z,"149 km ESE of Katsuura, Japan",earthquake,8.35,1.847,0.188,8,reviewed,us,us
2023-01-20T05:48:28.582Z,38.9239,142.1003,47.894,5,mb,187,128,2.027,0.85,us,us7000j5pu,2023-01-29T07:02:08.250Z,"37 km ESE of ?funato, Japan",earthquake,7.73,6.169,0.044,164,reviewed,us,us
2023-01-20T05:37:23.862Z,36.089,31.6537,87.455,4.2,mb,43,144,1.554,0.42,us,us7000j5ps,2023-01-29T06:53:34.040Z,"58 km SSW of Türkler, Turkey",earthquake,6.72,8.777,0.132,16,reviewed,us,us
2023-01-20T03:46:05.920Z,39.054,70.6926,12.863,4.7,mb,50,158,0.958,0.7,us,us7000j5pg,2023-02-10T01:03:47.040Z,"Kyrgyzstan-Tajikistan border region",earthquake,5.18,1.263,0.07,63,reviewed,us,us
2023-01-20T01:20:11.002Z,35.4553,80.4047,10,4.3,mb,21,246,6.157,0.98,us,us7000j5nn,2023-02-10T00:38:40.040Z,"188 km SSE of Hotan, China",earthquake,10.51,1.988,0.216,6,reviewed,us,us
2023-01-20T00:29:25.301Z,32.7149,23.4375,10,4.1,mb,44,174,4.623,0.6,us,us7000j5ne,2023-02-07T02:35:58.040Z,"75 km E of Darnah, Libya",earthquake,6.01,1.956,0.106,24,reviewed,us,us
2023-01-19T18:26:36.191Z,19.0326,145.3722,234.493,3.9,mb,26,133,5.434,0.56,us,us6000jjhx,2023-02-01T14:50:31.040Z,"Maug Islands region, Northern Mariana Islands",earthquake,14.39,9.34,0.154,11,reviewed,us,us
2023-01-19T15:20:19.506Z,52.8221,152.9171,509.445,4.4,mb,196,94,2.906,0.62,us,us7000j5im,2023-02-15T18:10:18.040Z,"286 km WNW of Ozernovskiy, Russia",earthquake,10.47,6.076,0.038,210,reviewed,us,us
2023-01-19T12:24:41.046Z,41.3097,142.5275,43.544,4.3,mb,41,141,0.848,0.57,us,us7000j5hp,2023-02-14T15:13:41.040Z,"109 km E of Mutsu, Japan",earthquake,4.22,7.775,0.129,17,reviewed,us,us
2023-01-19T11:30:42.703Z,35.5568,71.4043,100.683,5.1,mww,115,46,2.186,0.67,us,us7000j5hh,2023-02-14T11:41:05.676Z,"Afghanistan-Pakistan border region",earthquake,3.67,4.444,0.08,15,reviewed,us,us
2023-01-19T06:18:48.348Z,34.657,14.2292,10.157,4.3,mb,15,220,4.14,0.42,us,us6000jjh2,2023-02-10T11:39:09.040Z,"132 km S of ?urrieq, Malta",earthquake,9.93,6.289,0.307,3,reviewed,us,us
2023-01-19T05:55:22.616Z,38.5878,44.7612,10,4.3,mb,33,104,1.077,0.45,us,us7000j5f2,2023-02-10T07:56:00.040Z,"17 km WNW of Khowy, Iran",earthquake,5.51,1.915,0.113,22,reviewed,us,us
2023-01-19T03:25:24.263Z,33.7326,137.2728,14.259,4.5,mb,40,77,1.207,0.66,us,us7000j5ep,2023-01-27T03:59:50.040Z,"near the south coast of Honshu, Japan",earthquake,4.81,4.399,0.14,15,reviewed,us,us
2023-01-19T02:22:27.212Z,39.4825,25.8279,10,4.3,mwr,96,47,0.932,0.75,us,us7000j5e7,2023-01-27T03:41:40.521Z,"32 km WNW of Míthymna, Greece",earthquake,4.3,1.801,0.078,16,reviewed,us,us
2023-01-19T01:56:16.933Z,19.8775,120.5851,10,4.3,mb,18,136,2.962,0.47,us,us6000jjgt,2023-01-27T03:37:29.040Z,"147 km N of Pagudpud, Philippines",earthquake,11.84,1.8,0.238,5,reviewed,us,us
2023-01-19T01:41:39.388Z,25.937,143.0309,10,4.6,mb,49,135,1.381,0.49,us,us7000j5e6,2023-01-27T03:29:21.040Z,"Volcano Islands, Japan region",earthquake,7.44,1.684,0.065,71,reviewed,us,us
2023-01-19T00:58:43.069Z,36.3005,141.9726,29.911,4.2,mb,20,173,3.045,0.47,us,us6000jjh1,2023-02-07T04:11:05.040Z,"120 km ENE of Hasaki, Japan",earthquake,10.13,8.016,0.215,6,reviewed,us,us
2023-01-19T00:05:44.556Z,51.8883,178.573,111.312,3.6,mb,62,150,0.068,0.54,us,us6000jjgp,2023-02-07T04:45:15.040Z,"Rat Islands, Aleutian Islands, Alaska",earthquake,10.32,3.929,0.09,31,reviewed,us,us
2023-01-18T23:42:34.953Z,51.8185,178.2445,115.88,3.7,mb,47,168,0.21,0.7,us,us6000jjf8,2023-02-07T05:06:26.040Z,"Rat Islands, Aleutian Islands, Alaska",earthquake,8.41,5.871,0.099,26,reviewed,us,us
2023-01-18T19:32:25.565Z,23.473,142.2526,9.141,4.5,mb,35,157,3.608,0.94,us,us6000jjf0,2023-01-30T18:47:31.040Z,"Volcano Islands, Japan region",earthquake,12.54,4.965,0.116,22,reviewed,us,us
2023-01-18T19:01:06.785Z,43.0811,142.2161,120.209,4.1,mb,35,103,1.073,0.47,us,us6000jjf1,2023-01-30T15:58:42.040Z,"Hokkaido, Japan region",earthquake,7.44,7.277,0.135,15,reviewed,us,us
2023-01-18T18:22:50.421Z,38.2915,21.8411,10,4.2,mb,45,102,0.825,0.89,us,us7000j5al,2023-01-27T22:11:04.409Z,"2 km NNE of Áno Kastrítsi, Greece",earthquake,3.51,1.644,0.146,13,reviewed,us,us
2023-01-18T17:00:12.964Z,34.9489,14.1932,10,4.7,mb,76,59,2.518,0.75,us,us7000j59w,2023-02-13T23:01:05.040Z,"101 km SSW of ?urrieq, Malta",earthquake,7.28,0.874,0.078,50,reviewed,us,us
2023-01-18T15:54:46.261Z,34.8554,14.2579,10,5.1,mww,193,39,2.609,0.57,us,us7000j59j,2023-02-08T01:07:27.302Z,"central Mediterranean Sea",earthquake,2.34,1.814,0.048,41,reviewed,us,us
2023-01-18T14:55:50.392Z,38.3997,44.9477,10,4.4,mb,74,101,1.225,0.32,us,us7000j59a,2023-02-16T09:35:11.040Z,"16 km S of Khowy, Iran",earthquake,5.99,1.748,0.078,50,reviewed,us,us
2023-01-18T14:13:03.269Z,34.9715,14.2761,10,4.6,mb,94,101,4.1,0.26,us,us7000j5a4,2023-02-15T21:03:22.482Z,"97 km S of ?urrieq, Malta",earthquake,7.76,1.869,0.077,50,reviewed,us,us
2023-01-18T14:09:34.227Z,36.492,69.6013,10,4.2,mb,18,104,1.999,1.05,us,us6000jjez,2023-02-16T15:03:16.040Z,"24 km WSW of Farkh?r, Afghanistan",earthquake,7.74,1.945,0.187,8,reviewed,us,us
2023-01-18T13:30:47.860Z,36.9911,36.1694,10,4.1,mb,15,105,0.851,0.98,us,us6000jjfc,2023-02-16T14:51:47.040Z,"4 km NNW of Erzin, Turkey",earthquake,3.32,1.949,0.371,2,reviewed,us,us
2023-01-18T10:42:39.023Z,38.472,44.9169,16.66,4.3,mb,25,131,1.158,0.9,us,us7000j574,2023-01-29T06:21:37.040Z,"9 km SSW of Khowy, Iran",earthquake,5.37,2.233,0.13,17,reviewed,us,us
2023-01-18T10:08:14.083Z,38.4382,44.9433,18.523,5.7,mww,195,59,1.188,0.66,us,us7000j56z,2023-02-15T05:40:57.272Z,"Turkey-Iran border region",earthquake,5.44,3.75,0.069,20,reviewed,us,us
2023-01-18T04:33:26.564Z,24.7915,124.8538,54.834,4.8,mb,48,119,1.708,0.85,us,us7000j54p,2023-01-27T00:12:51.040Z,"45 km W of Hirara, Japan",earthquake,9.95,7.246,0.07,63,reviewed,us,us
2023-01-18T04:21:57.431Z,34.9044,14.2658,10,5,mb,84,59,4.107,0.57,us,us7000j54l,2023-01-27T00:09:10.026Z,"104 km S of ?urrieq, Malta",earthquake,8.09,1.827,0.045,156,reviewed,us,us
2023-01-18T03:26:32.922Z,24.7752,125.4156,35,4.6,mb,86,118,2.21,0.71,us,us7000j54d,2023-01-26T23:19:31.040Z,"11 km ESE of Hirara, Japan",earthquake,8.44,1.926,0.077,51,reviewed,us,us
2023-01-18T01:57:20.960Z,29.6417,101.7166,35,4.5,mb,22,154,6.778,0.54,us,us6000jjdw,2023-01-26T22:36:40.040Z,"46 km SSW of Kangding, China",earthquake,12.32,1.944,0.163,11,reviewed,us,us
